"deviceWidth","deviceHeight","touchX","touchY"
"320","50","0.8399","0.8668"
"320","50","0.8844","0.6000"
"320","50","0.1497","0.9734"
"320","50","0.1437","0.9600"
"320","50","0.4281","0.5400"
"320","50","0.2344","0.9400"
"320","50","0.9953","0.3700"
"320","50","0.5031","0.1600"
"320","50","0.5687","0.5200"
"320","50","0.5906","0.2600"
"320","50","0.5125","0.1200"
"320","50","0.4906","0.1000"
"320","50","0.9594","0.4800"
"320","51","0.8875","0.5686"
"320","50","0.3015","0.2154"
"320","50","0.0969","0.2600"
"320","50","0.6987","0.0154"
"320","50","0.9096","0.3336"
"320","50","0.6625","0.4600"
"","","",""
"","","",""
"320","50","0.6494","0.4016"
"320","50","0.9539","0.2850"
"320","50","0.7695","0.7451"
"","","",""
"","","",""
"320","50","0.3563","0.3800"
"","","",""
"320","50","0.0140","0.9001"
"320","50","0.5281","0.6000"
"320","50","0.8831","0.1882"
"","","",""
"","","",""
"320","51","0.5531","0.5882"
"320","50","0.3469","0.3400"
"320","50","0.6656","0.8800"
"","","",""
"320","50","0.1021","0.7333"
"320","50","0.6094","0.0800"
"320","50","0.4220","0.6702"
"320","50","0.4000","0.2400"
"320","51","0.4281","0.0000"
"320","50","0.0077","0.6011"
"320","50","0.7469","0.5400"
"320","50","0.6594","0.0400"
"","","",""
"","","",""
"","","",""
"320","51","0.0063","0.1961"
"","","",""
"640","360","0.1094","0.0111"
"320","50","0.9969","0.2400"
"","","",""
"320","50","0.8969","0.4800"
"320","50","0.3563","0.0200"
"320","50","0.0031","0.0800"
"","","",""
"320","50","0.5507","0.3712"
"320","50","0.5271","0.6933"
"320","50","0.9531","0.8000"
"320","50","0.3987","0.4660"
"320","50","0.8750","0.4200"
"320","50","0.8777","0.2395"
"320","50","0.4912","0.0842"
"320","50","0.1062","0.5200"
"","","",""
"","","",""
"","","",""
"","","",""
"","","",""
"320","50","0.9332","0.1565"
"320","50","0.1542","0.1867"
"","","",""
"320","50","0.8438","0.4400"
"320","50","0.9167","0.5067"
"320","50","0.2474","0.8402"
"320","50","0.1372","0.3906"
"320","50","0.1388","0.7802"
"320","51","0.9063","0.3137"
"320","50","0.7750","0.1800"
"320","50","0.8562","0.7800"
"320","50","0.1625","0.6200"
"","","",""
"320","50","0.8375","0.2000"
"320","50","0.1271","0.1333"
"320","50","0.9033","0.7210"
"320","50","0.9615","0.2533"
"320","50","0.8500","0.9000"
"","","",""
"320","50","0.4089","0.3142"
"320","50","0.8750","0.7200"
"320","50","0.3312","0.3600"
"320","50","0.8807","0.6793"
"320","50","0.7594","0.6600"
"320","50","0.9036","0.5093"
"320","50","0.8688","0.1800"
"320","50","0.9190","0.6044"
"320","50","0.5574","0.7597"
"320","50","0.5490","0.2539"
"","","",""
"320","50","0.0656","0.3400"
"320","50","0.4977","0.0399"
"320","50","0.1406","0.0200"
"","","",""
"320","50","0.4635","0.6533"
"320","50","0.2562","0.0400"
"320","50","0.6750","0.3600"
"320","50","0.5000","0.2200"
"320","50","0.5469","0.5400"
"320","50","0.8149","0.8692"
"320","50","0.1622","0.7332"
"320","50","0.6737","0.3879"
"320","50","0.8960","0.6767"
"320","50","0.9563","0.1400"
"320","50","0.6469","0.8800"
"","","",""
"320","50","0.9187","0.8800"
"320","50","0.0031","0.0200"
"320","50","0.0125","0.6800"
"320","50","0.8942","0.2297"
"320","50","0.1531","0.2600"
"320","50","0.9125","0.5400"
"320","50","0.3865","0.2333"
"320","50","0.1419","0.3090"
"","","",""
"320","50","0.8566","0.2909"
"320","50","0.2719","0.7000"
"320","50","0.4727","0.6203"
"320","50","0.3594","0.4400"
"320","50","0.8840","0.7586"
"320","50","0.9845","0.0213"
"320","50","0.3656","0.0000"
"320","50","0.9250","0.2800"
"","","",""
"320","50","0.7594","0.0000"
"320","50","0.2844","0.1000"
"","","",""
"320","51","0.2313","0.5882"
"320","50","0.3603","0.6092"
"320","50","0.8798","0.9181"
"320","50","0.9656","0.6600"
"320","50","0.5800","0.8967"
"320","50","0.6422","0.4500"
"320","50","0.1039","0.0435"
"","","",""
"320","50","0.6069","0.4681"
"320","50","0.5750","0.7000"
"320","50","0.7678","0.6904"
"320","50","0.9459","0.4972"
"320","50","0.4505","0.3833"
"320","50","0.1417","0.2667"
"320","50","0.8688","0.8600"
"320","50","0.8625","0.9800"
"320","50","0.9713","0.3593"
"320","50","0.1996","0.5903"
"320","50","0.2995","0.9800"
"","","",""
"320","50","0.4500","0.3600"
"320","50","0.4813","0.0200"
"320","50","0.4696","0.4412"
"","","",""
"320","50","0.9721","0.2963"
"320","50","0.1422","0.2100"
"","","",""
"320","50","0.9252","0.6179"
"320","50","0.2969","0.0200"
"320","50","0.9406","0.4000"
"320","50","0.5687","0.0600"
"","","",""
"320","50","0.8656","0.5000"
"320","50","0.8094","0.7000"
"320","50","0.5094","0.4200"
"320","50","0.9031","0.1000"
"320","50","0.8509","0.0613"
"320","50","0.5141","0.1100"
"320","50","0.7375","0.3200"
"320","50","0.0031","0.7200"
"","","",""
"320","50","0.8583","0.3895"
"320","50","0.6397","0.4728"
"","","",""
"320","50","0.2813","0.0400"
"320","50","0.3009","0.2497"
"320","50","0.8625","0.9600"
"","","",""
"320","50","0.7750","0.4200"
"","","",""
"","","",""
"","","",""
"","","",""
"320","50","0.1240","0.9933"
"320","50","0.9105","0.2898"
"320","50","0.0063","0.4800"
"320","50","0.6469","0.3600"
"320","50","0.1281","0.4200"
"320","50","0.9812","0.3600"
"320","50","0.0219","0.4800"
"320","50","0.2656","0.3200"
"320","50","0.0938","0.7200"
"320","50","0.1496","0.7760"
"320","50","0.8969","0.6800"
"320","50","0.8797","0.9700"
"","","",""
"360","592","0.6699","0.4836"
"320","50","0.8721","0.5380"
"","","",""
"320","50","0.4984","0.0700"
"","","",""
"","","",""
"320","50","0.9052","0.0684"
"320","50","0.5882","0.4494"
"320","50","0.9437","0.1400"
"","","",""
"320","50","0.0976","0.0977"
"","","",""
"320","50","0.8750","0.1000"
"","","",""
"320","50","0.1906","0.5200"
"320","50","0.6798","0.2099"
"320","50","0.5601","0.1398"
"","","",""
"320","50","0.3445","0.5194"
"320","50","0.9250","0.8000"
"","","",""
"","","",""
"320","50","0.1083","0.5467"
"320","50","0.0187","0.0200"
"320","50","0.9083","0.6691"
"320","50","0.5406","0.4800"
"320","50","0.7787","0.2497"
"","","",""
"320","50","0.9688","0.9200"
"320","50","0.9063","0.3400"
"320","50","0.5406","0.0800"
"","","",""
"320","50","0.9094","0.1000"
"","","",""
"320","50","0.1528","0.6133"
"320","50","0.8938","0.9600"
"320","50","0.5563","0.4000"
"320","50","0.8652","0.8249"
"","","",""
"320","50","0.5211","0.2731"
"320","50","0.5109","0.2596"
"320","50","0.0094","0.7400"
"320","50","0.4992","0.3280"
"","","",""
"320","51","0.5531","0.0000"
"320","50","0.1607","0.0246"
"320","50","0.6412","0.3935"
"320","50","0.7553","0.2596"
"320","50","0.8250","0.3200"
"320","50","0.0938","0.9600"
"320","50","0.7568","0.2497"
"320","50","0.6844","0.1800"
"320","50","0.7375","0.6600"
"320","50","0.7469","0.2000"
"320","50","0.9594","0.2600"
"320","50","0.0707","0.9734"
"","","",""
"320","50","0.0998","0.5534"
"320","50","0.6438","0.4400"
"320","50","0.9437","0.1600"
"","","",""
"320","50","0.7237","0.9582"
"","","",""
"320","50","0.7594","0.5400"
"","","",""
"320","50","0.0156","0.9600"
"320","50","0.4270","0.0834"
"320","50","0.0208","0.6013"
"600","1024","0.9700","0.0488"
"","","",""
"320","50","0.5398","0.4735"
"320","50","0.4833","0.3333"
"320","51","0.4688","0.4314"
"320","50","0.5005","0.6002"
"","","",""
"320","50","0.8250","0.9400"
"320","50","0.5718","0.2844"
"","","",""
"320","50","0.4938","0.4800"
"320","50","0.7077","0.1456"
"320","50","0.8167","0.6933"
"","","",""
"","","",""
"320","50","0.4094","0.9800"
"320","50","0.5101","0.5711"
"320","50","0.7754","0.5067"
"320","50","0.8688","0.0400"
"320","50","0.9173","0.0287"
"320","50","0.9781","0.6200"
"320","50","0.8562","0.9600"
"","","",""
"","","",""
"320","50","0.7719","0.4800"
"320","50","0.1031","0.3800"
"320","50","0.9192","0.0300"
"320","50","0.8646","0.5733"
"320","50","0.7562","0.2200"
"320","50","0.9709","0.1610"
"320","50","0.8500","0.5200"
"","","",""
"320","50","0.6299","0.2809"
"","","",""
"320","51","0.2875","0.7059"
"360","640","0.5493","0.4258"
"320","50","0.4313","0.2200"
"320","50","0.5578","0.9700"
"320","50","0.9971","0.3930"
"320","50","0.9906","0.5800"
"320","50","0.5460","0.3413"
"320","50","0.6400","0.6986"
"320","50","0.2313","0.1200"
"320","51","0.9750","0.2353"
"320","50","0.2219","0.2000"
"320","50","0.7875","0.4800"
"","","",""
"","","",""
"320","50","0.5114","0.0544"
"","","",""
"320","50","0.9459","0.4040"
"320","50","0.4072","0.5903"
"320","50","0.9438","0.5019"
"320","50","0.5406","0.5800"
"320","50","0.2143","0.0018"
"320","51","0.6031","0.9608"
"","","",""
"320","50","0.1437","0.5000"
"","","",""
"","","",""
"320","50","0.5930","0.0330"
"","","",""
"","","",""
"320","50","0.8875","0.9200"
"","","",""
"320","50","0.3156","0.5000"
"320","50","0.4449","0.5630"
"320","50","0.3781","0.3200"
"320","50","0.7271","0.5667"
"320","50","0.8906","0.8400"
"","","",""
"320","50","0.5062","0.5600"
"320","50","0.0406","0.3200"
"320","50","0.5177","0.7330"
"320","50","0.6084","0.4834"
"600","1024","0.1667","0.0488"
"320","50","0.7750","0.4800"
"320","50","0.3125","0.1000"
"","","",""
"320","50","0.8969","0.4400"
"320","50","0.5807","0.0466"
"320","50","0.3875","0.4200"
"320","50","0.9437","0.2000"
"320","50","0.6240","0.3205"
"320","50","0.3346","0.1198"
"320","50","0.4261","0.8777"
"320","50","0.0125","0.3000"
"320","51","0.9125","0.3922"
"320","50","0.8075","0.2097"
"320","50","0.0340","0.4389"
"320","50","0.4657","0.4016"
"320","50","0.9064","0.5054"
"320","50","0.6272","0.3981"
"320","50","0.7319","0.6591"
"320","50","0.5398","0.8601"
"320","50","0.6195","0.5605"
"320","50","0.8812","0.6800"
"320","50","0.4540","0.0715"
"","","",""
"320","50","0.5148","0.6180"
"320","50","0.7417","0.1067"
"320","50","0.0728","0.9734"
"320","50","0.7175","0.5189"
"320","50","0.5250","0.6400"
"320","50","0.4609","0.1100"
"320","50","0.8750","0.1600"
"320","50","0.8005","0.6947"
"320","50","0.9187","0.2400"
"320","50","0.4033","0.9720"
"320","50","0.9375","0.9600"
"","","",""
"","","",""
"320","50","0.9531","0.0400"
"","","",""
"320","50","0.5617","0.6726"
"320","50","0.3125","0.1600"
"320","50","0.4281","0.2400"
"320","50","0.4656","0.0600"
"320","50","0.4531","0.3400"
"320","50","0.0563","0.0200"
"320","50","0.1148","0.5741"
"","","",""
"320","50","0.5125","0.9200"
"320","50","0.9031","0.0600"
"320","50","0.9127","0.6210"
"320","50","0.4625","0.0400"
"","","",""
"320","50","0.9938","0.3730"
"320","50","0.9863","0.0100"
"","","",""
"","","",""
"320","50","0.8906","0.9000"
"","","",""
"320","51","0.6502","0.1031"
"","","",""
"320","50","0.9448","0.4733"
"320","50","0.0531","0.6400"
"320","50","0.9068","0.5465"
"320","51","0.8250","0.4510"
"320","50","0.9187","0.8000"
"320","50","0.2598","0.4571"
"320","50","0.2557","0.4508"
"320","50","0.8472","0.4404"
"320","50","0.0203","0.3900"
"","","",""
"","","",""
"320","50","0.1182","0.9447"
"","","",""
"320","51","0.5205","0.1895"
"320","50","0.9938","0.4600"
"320","50","0.7375","0.7600"
"320","50","0.8935","0.4601"
"","","",""
"320","50","0.7125","0.9800"
"320","50","0.9286","0.2497"
"320","50","0.6687","0.9600"
"320","51","0.4063","0.0980"
"320","50","0.6625","0.1200"
"","","",""
"320","50","0.9958","0.9734"
"320","50","0.5102","0.9544"
"360","640","0.1042","0.0367"
"320","50","0.1031","0.9600"
"","","",""
"","","",""
"320","50","0.0137","0.0195"
"320","50","0.5617","0.3695"
"360","640","0.5312","0.8228"
"320","50","0.8627","0.6703"
"320","50","0.6594","0.0000"
"320","50","0.8500","0.8000"
"","","",""
"320","50","0.7083","0.4667"
"","","",""
"320","50","0.9313","0.5000"
"320","50","0.4625","0.5600"
"320","50","0.3563","0.2800"
"","","",""
"","","",""
"","","",""
"320","50","0.9161","0.0100"
"320","50","0.9229","0.4267"
"320","50","0.8753","0.9744"
"320","50","0.7319","0.9501"
"320","50","0.3875","0.1800"
"320","50","0.6875","0.9400"
"320","50","0.5845","0.6259"
"320","51","0.0781","0.0392"
"320","50","0.2271","0.8133"
"320","50","0.4368","0.0615"
"","","",""
"","","",""
"320","50","0.9437","0.2400"
"320","50","0.8458","0.4667"
"320","50","0.6529","0.1730"
"320","50","0.4344","0.9000"
"320","50","0.0281","0.1000"
"320","50","0.2625","0.9200"
"320","50","0.1313","0.5200"
"320","50","0.6809","0.0468"
"320","50","0.9521","0.3667"
"320","50","0.7458","0.6667"
"320","50","0.7656","0.6200"
"320","51","0.4969","0.8824"
"320","50","0.9074","0.6219"
"320","50","0.9127","0.1137"
"320","50","0.9688","0.8000"
"320","50","0.7674","0.4971"
"320","50","0.6112","0.5883"
"320","50","0.5188","0.1000"
"320","50","0.5156","0.0800"
"320","50","0.3588","0.6909"
"320","50","0.4094","0.3400"
"","","",""
"320","50","0.8798","0.4974"
"320","49","0.9594","0.8163"
"320","50","0.8875","0.9000"
"","","",""
"320","50","0.8516","0.1500"
"320","50","0.0906","0.0000"
"","","",""
"320","50","0.9417","0.3333"
"320","50","0.9187","0.2600"
"320","50","0.7625","0.0000"
"320","50","0.5031","0.4200"
"320","50","0.1344","0.7600"
"320","50","0.7625","0.6000"
"","","",""
"320","50","0.4292","0.1733"
"320","50","0.8794","0.0811"
"320","50","0.9156","0.3400"
"320","50","0.7844","0.3800"
"320","50","0.9500","0.9600"
"320","50","0.8042","0.9733"
"320","50","0.8833","0.5764"
"","","",""
"320","50","0.9148","0.0214"
"320","51","0.2500","0.7059"
"320","50","0.0058","0.2682"
"","","",""
"320","50","0.9660","0.3295"
"320","50","0.7562","0.7200"
"","","",""
"320","50","0.4116","0.3208"
"320","50","0.1918","0.5828"
"320","50","0.3438","0.5000"
"320","50","0.1778","0.9275"
"320","50","0.6188","0.7800"
"320","50","0.0187","0.8200"
"","","",""
"","","",""
"320","50","0.4938","0.7200"
"","","",""
"320","50","0.5538","0.2313"
"320","50","0.3384","0.7204"
"","","",""
"320","50","0.8719","0.8600"
"320","50","0.9580","0.1646"
"","","",""
"","","",""
"320","50","0.8885","0.4933"
"320","50","0.8500","0.2800"
"","","",""
"320","50","0.8234","0.6900"
"320","50","0.4094","0.4200"
"320","50","0.8313","0.6400"
"","","",""
"320","50","0.9250","0.2400"
"","","",""
"320","50","0.5385","0.2817"
"","","",""
"320","50","0.8674","0.8536"
"320","50","0.5563","0.0200"
"320","50","0.4688","0.0800"
"","","",""
"","","",""
"360","640","0.9611","0.9969"
"","","",""
"320","50","0.1731","0.9208"
"320","50","0.6312","0.0000"
"320","50","0.8677","0.0894"
"320","50","0.6994","0.2366"
"","","",""
"","","",""
"","","",""
"320","50","0.5271","0.1333"
"600","74","0.0267","0.0946"
"320","50","0.3063","0.8000"
"","","",""
"320","50","0.0906","0.6000"
"320","50","0.4532","0.4007"
"","","",""
"320","50","0.3909","0.4285"
"320","50","0.9781","0.2400"
"320","50","0.9187","0.1000"
"320","50","0.0623","0.4212"
"320","50","0.9897","0.3750"
"320","50","0.5757","0.2006"
"320","50","0.9391","0.5900"
"320","50","0.7562","0.0600"
"320","50","0.3203","0.3700"
"320","50","0.2656","0.3400"
"320","50","0.4844","0.0000"
"320","50","0.4437","0.3600"
"320","50","0.2720","0.6034"
"320","50","0.9193","0.9900"
"320","50","0.6125","0.7000"
"320","50","0.9437","0.0800"
"320","50","0.4844","0.6400"
"320","50","0.9437","0.0000"
"320","50","0.7134","0.6863"
"320","50","0.2090","0.2114"
"320","50","0.3781","0.5800"
"","","",""
"320","50","0.1887","0.9400"
"320","50","0.7099","0.4781"
"320","50","0.1094","0.6800"
"320","50","0.1205","0.3507"
"320","50","0.8875","0.3600"
"320","50","0.4656","0.6400"
"320","50","0.1484","0.8100"
"320","50","0.5885","0.0133"
"320","50","0.0187","0.1200"
"","","",""
"320","50","0.4115","0.8784"
"320","50","0.2094","0.6000"
"320","50","0.7875","0.9600"
"320","50","0.5938","0.6400"
"320","50","0.8406","0.9200"
"320","50","0.9313","0.3800"
"320","50","0.5593","0.7070"
"320","50","0.7536","0.7609"
"320","50","0.9750","0.4800"
"320","50","0.9734","0.5900"
"320","50","0.4125","0.8800"
"320","50","0.4906","0.0600"
"320","50","0.3096","0.8782"
"320","50","0.9281","0.0000"
"320","50","0.1878","0.1582"
"","","",""
"","","",""
"320","50","0.8812","0.3600"
"320","50","0.0281","0.4000"
"","","",""
"320","50","0.6156","0.3600"
"320","50","0.5813","0.8000"
"320","51","0.1719","0.0588"
"320","51","0.0313","0.0980"
"320","50","0.6594","0.2200"
"320","50","0.5500","0.6200"
"320","50","0.6031","0.9400"
"","","",""
"","","",""
"320","50","0.3219","0.9400"
"320","50","0.5563","0.3800"
"320","50","0.8750","0.0400"
"320","50","0.0725","0.9069"
"320","50","0.8812","0.0400"
"320","50","0.8755","0.7190"
"320","50","0.3667","0.5267"
"","","",""
"320","50","0.6813","0.3800"
"320","50","0.5875","0.0600"
"320","50","0.8875","0.3600"
"320","51","0.2687","0.3922"
"320","51","0.3344","0.7843"
"320","50","0.4681","0.0200"
"320","50","0.2401","0.2821"
"","","",""
"320","50","0.8812","0.4800"
"320","50","0.9063","0.5800"
"320","50","0.6320","0.3874"
"320","50","0.2636","0.2106"
"320","50","0.6355","0.3856"
"320","50","0.8384","0.9900"
"320","50","0.9500","0.2000"
"320","50","0.7362","0.3459"
"320","50","0.9006","0.0892"
"320","50","0.1390","0.4174"
"","","",""
"","","",""
"320","50","0.2152","0.9800"
"320","50","0.6365","0.7627"
"320","50","0.1906","0.6400"
"320","50","0.8923","0.8784"
"320","50","0.3891","0.0599"
"320","50","0.8792","0.4013"
"320","50","0.8656","0.9400"
"320","50","0.0576","0.0715"
"320","50","0.2562","0.5000"
"320","50","0.8109","0.8700"
"","","",""
"320","50","0.4656","0.4600"
"","","",""
"","","",""
"320","50","0.4493","0.1614"
"320","50","0.6438","0.3200"
"320","50","0.3438","0.5200"
"320","50","0.1812","0.1600"
"","","",""
"","","",""
"320","50","0.5553","0.1456"
"320","50","0.9167","0.4933"
"","","",""
"320","51","0.8906","0.8039"
"320","50","0.3000","0.7600"
"320","50","0.9047","0.6900"
"320","50","0.1719","0.2000"
"320","50","0.3438","0.8400"
"320","50","0.7219","0.1600"
"","","",""
"320","50","0.5469","0.8000"
"320","51","0.4204","0.4415"
"","","",""
"320","50","0.3042","0.2014"
"320","50","0.9250","0.4400"
"320","50","0.8500","0.9800"
"320","50","0.4750","0.4000"
"320","50","0.2058","0.5771"
"320","50","0.9422","0.6500"
"320","50","0.8531","0.7000"
"320","50","0.8288","0.7464"
"320","50","0.9000","0.4000"
"320","50","0.5458","0.0867"
"","","",""
"320","50","0.9403","0.1338"
"320","50","0.0563","0.8400"
"320","50","0.3375","0.6200"
"320","50","0.6240","0.6927"
"","","",""
"320","50","0.5208","0.1067"
"","","",""
"320","50","0.4306","0.1114"
"","","",""
"320","50","0.1119","0.8649"
"320","50","0.3375","0.3000"
"","","",""
"320","50","0.3594","0.4800"
"320","50","0.9063","0.0400"
"","","",""
"320","50","0.9219","0.9800"
"","","",""
"","","",""
"","","",""
"","","",""
"320","50","0.1708","0.6933"
"","","",""
"","","",""
"320","50","0.4458","0.7467"
"320","50","0.7875","0.2800"
"320","50","0.3547","0.4300"
"320","50","0.9125","0.5000"
"320","50","0.9283","0.0598"
"320","50","0.7188","0.1000"
"320","50","0.4696","0.4934"
"320","50","0.9691","0.2900"
"","","",""
"320","50","0.6053","0.0715"
"","","",""
"320","50","0.1035","0.0932"
"320","50","0.9281","0.3200"
"320","50","0.9158","0.1831"
"","","",""
"320","50","0.9458","0.0667"
"320","50","0.4562","0.1200"
"","","",""
"","","",""
"","","",""
"320","50","0.3658","0.8383"
"320","50","0.1824","0.9577"
"320","50","0.4906","0.9734"
"320","50","0.0531","0.5600"
"320","50","0.9219","0.5800"
"320","50","0.5260","0.8649"
"","","",""
"","","",""
"320","50","0.6062","0.0200"
"320","50","0.8050","0.6021"
"","","",""
"320","50","0.5619","0.5669"
"320","50","0.9459","0.3374"
"","","",""
"320","50","0.9156","0.6400"
"320","50","0.2625","0.4600"
"","","",""
"320","50","0.2875","0.5200"
"320","50","0.5530","0.0178"
"320","50","0.5000","0.5400"
"320","50","0.6038","0.5034"
"320","50","0.4938","0.6000"
"320","50","0.9417","0.2933"
"320","51","0.0219","0.3137"
"320","50","0.6000","0.0000"
"320","50","0.0608","0.3712"
"320","50","0.3125","0.6800"
"320","50","0.9332","0.7597"
"320","50","0.3237","0.7887"
"320","50","0.9542","0.3333"
"320","50","0.4594","0.2200"
"320","50","0.1458","0.7867"
"320","50","0.8733","0.2951"
"320","50","0.3417","0.7667"
"320","50","0.9239","0.4308"
"320","50","0.8750","0.9600"
"320","50","0.8731","0.3366"
"320","50","0.5344","0.2600"
"","","",""
"320","50","0.9595","0.4334"
"320","50","0.4587","0.4404"
"320","50","0.1528","0.4412"
"","","",""
"","","",""
"320","50","0.9594","0.1800"
"320","50","0.7489","0.8178"
"","","",""
"320","50","0.6625","0.9000"
"320","50","0.9776","0.0133"
"320","50","0.9375","0.6000"
"320","50","0.5000","0.5400"
"320","50","0.3967","0.7832"
"","","",""
"320","50","0.0250","0.2400"
"320","50","0.9344","0.3400"
"360","640","0.9306","0.0844"
"320","50","0.8208","0.5733"
"","","",""
"320","50","0.4365","0.5630"
"320","51","0.0841","0.5038"
"320","50","0.6156","0.4800"
"320","50","0.4368","0.5111"
"320","50","0.6735","0.5852"
"320","50","0.6710","0.9601"
"","","",""
"320","50","0.7104","0.6667"
"320","50","0.0857","0.8801"
"320","50","0.2917","0.5311"
"","","",""
"320","50","0.8347","0.8801"
"320","50","0.5813","0.0000"
"320","50","0.9458","0.8667"
"320","50","0.7516","0.9100"
"320","50","0.6397","0.8609"
"320","50","0.9594","0.1600"
"320","50","0.8590","0.0798"
"320","50","0.8094","0.3400"
"320","50","0.7281","0.4600"
"","","",""
"320","50","0.5406","0.3000"
"","","",""
"320","50","0.7813","0.1800"
"320","50","0.6958","0.0015"
"320","50","0.3635","0.5429"
"320","50","0.5719","0.0800"
"","","",""
"320","50","0.3719","0.1400"
"","","",""
"","","",""
"320","51","0.6875","0.7059"
"320","50","0.6049","0.3366"
"320","50","0.4992","0.2224"
"320","50","0.9219","0.0000"
"320","50","0.5813","0.3600"
"320","50","0.6531","0.7400"
"320","50","0.8939","0.5497"
"","","",""
"320","50","0.6422","0.8500"
"320","50","0.7317","0.1314"
"","","",""
"","","",""
"320","50","0.3541","0.5211"
"320","50","0.5322","0.3639"
"320","50","0.3604","0.7733"
"320","50","0.6475","0.3795"
"320","50","0.4595","0.1876"
"320","50","0.2781","0.7800"
"320","50","0.5922","0.5300"
"320","50","0.6709","0.1931"
"320","50","0.9344","0.3600"
"320","50","0.7188","0.7000"
"320","50","0.3578","0.9900"
"320","50","0.5281","0.9734"
"","","",""
"320","50","0.1688","0.5600"
"","","",""
"320","50","0.8909","0.5728"
"320","50","0.8628","0.7579"
"","","",""
"","","",""
"320","50","0.8521","0.9067"
"320","50","0.5601","0.2813"
"320","50","0.8752","0.1767"
"","","",""
"320","50","0.2813","0.3600"
"320","50","0.9771","0.6533"
"320","50","0.8939","0.5371"
"320","50","0.8960","0.1509"
"320","50","0.8786","0.3795"
"320","50","0.8969","0.0000"
"320","50","0.8599","0.5892"
"320","50","0.1187","0.2800"
"320","50","0.5500","0.9400"
"320","50","0.5563","0.7200"
"320","50","0.4852","0.8002"
"320","50","0.9082","0.1958"
"320","50","0.6125","0.5400"
"320","50","0.4313","0.0600"
"320","50","0.7500","0.6400"
"320","51","0.0250","0.3922"
"320","51","0.5031","0.5098"
"","","",""
"320","50","0.6094","0.0800"
"320","50","0.7813","0.9200"
"320","50","0.4614","0.3058"
"320","50","0.4906","0.4000"
"320","50","0.2433","0.2114"
"320","50","0.9969","0.9800"
"320","50","0.4011","0.3726"
"320","50","0.4491","0.8678"
"320","50","0.3969","0.2000"
"","","",""
"320","50","0.0873","0.0955"
"320","50","0.5750","0.0800"
"320","50","0.9812","0.6200"
"320","50","0.0187","0.4600"
"320","50","0.7438","0.3000"
"360","640","0.0166","0.7463"
"320","50","0.3635","0.3102"
"320","50","0.5468","0.0012"
"320","51","0.4969","0.3137"
"320","50","0.0453","0.0532"
"320","50","0.3596","0.0420"
"320","50","0.4199","0.4439"
"320","50","0.7941","0.0315"
"320","50","0.5218","0.1610"
"","","",""
"320","50","0.9459","0.4705"
"320","50","0.9083","0.0634"
"320","50","0.9969","0.6400"
"320","50","0.6937","0.3400"
"320","50","0.6417","0.7733"
"320","50","0.4324","0.9867"
"320","50","0.7615","0.1533"
"320","50","0.2213","0.0499"
"320","50","0.9019","0.0222"
"","","",""
"","","",""
"320","50","0.3125","0.0000"
"","","",""
"","","",""
"320","50","0.6094","0.2000"
"","","",""
"","","",""
"320","50","0.2604","0.4333"
"","","",""
"320","50","0.5135","0.0910"
"","","",""
"320","50","0.6219","0.8800"
"","","",""
"320","50","0.5157","0.7795"
"320","50","0.1589","0.0781"
"320","50","0.2313","0.1200"
"","","",""
"320","50","0.0228","0.4528"
"320","50","0.6854","0.2667"
"","","",""
"","","",""
"320","50","0.1563","0.3200"
"320","50","0.7161","0.5311"
"320","50","0.3563","0.1600"
"320","50","0.5055","0.3113"
"320","50","0.7120","0.3560"
"320","50","0.7000","0.6600"
"320","50","0.9251","0.8294"
"","","",""
"320","50","0.5573","0.4069"
"320","50","0.8877","0.0638"
"","","",""
"","","",""
"","","",""
"320","50","0.9938","0.2200"
"320","50","0.5637","0.0635"
"320","50","0.9517","0.3169"
"320","50","0.6678","0.1798"
"","","",""
"320","51","0.4531","0.3529"
"320","50","0.6750","0.9600"
"320","50","0.2985","0.0521"
"","","",""
"320","50","0.9346","0.2158"
"320","50","0.9291","0.4361"
"320","50","0.5363","0.4972"
"","","",""
"320","50","0.8125","0.5000"
"","","",""
"320","50","0.8999","0.5028"
"","","",""
"320","50","0.2542","0.8401"
"320","51","0.0625","0.0784"
"320","50","0.9187","0.2200"
"","","",""
"","","",""
"","","",""
"320","50","0.0514","0.5128"
"","","",""
"320","50","0.4009","0.6191"
"","","",""
"320","50","0.9844","0.8000"
"320","50","0.5581","0.0495"
"320","50","0.5000","0.5800"
"320","50","0.1872","0.7809"
"","","",""
"320","50","0.9020","0.3895"
"","","",""
"320","50","0.3719","0.2800"
"320","50","0.9156","0.5000"
"320","50","0.7667","0.9333"
"","","",""
"320","50","0.6104","0.2267"
"320","50","0.3688","0.0800"
"320","240","0.4375","0.0250"
"320","50","0.9111","0.0732"
"320","50","0.4618","0.3513"
"320","50","0.4517","0.0262"
"320","50","0.4917","0.9067"
"320","50","0.4313","0.7600"
"320","50","0.8939","0.0178"
"","","",""
"","","",""
"320","50","0.0906","0.0600"
"","","",""
"320","50","0.2562","0.4000"
"320","50","0.5219","0.1600"
"","","",""
"","","",""
"","","",""
"320","50","0.8688","0.1400"
"320","50","0.3853","0.6879"
"","","",""
"","","",""
"320","50","0.4562","0.4000"
"","","",""
"320","50","0.6365","0.5534"
"320","50","0.6632","0.7035"
"","","",""
"","","",""
"320","50","0.5944","0.5703"
"320","50","0.9109","0.2177"
"320","50","0.8219","0.9600"
"","","",""
"320","50","0.9625","0.2400"
"","","",""
"320","50","0.9313","0.2400"
"320","50","0.5125","0.0000"
"320","50","0.9848","0.4229"
"320","50","0.6687","0.1400"
"","","",""
"320","51","0.9125","0.5882"
"320","50","0.7312","0.2600"
"320","50","0.5531","0.9200"
"320","50","0.7094","0.6200"
"320","50","0.4470","0.2008"
"","","",""
"","","",""
"","","",""
"320","50","0.4977","0.7010"
"320","50","0.5531","0.3400"
"","","",""
"320","50","0.9720","0.2731"
"320","51","0.2781","0.2549"
"320","51","0.6000","0.5490"
"320","50","0.9019","0.1557"
"320","50","0.5632","0.2214"
"320","50","0.7969","0.5200"
"320","50","0.3719","0.3200"
"","","",""
"320","50","0.4056","0.6111"
"320","534","0.1795","0.0250"
"320","50","0.8236","0.0152"
"320","50","0.9459","0.3640"
"320","50","0.8969","0.2800"
"320","50","0.6094","0.8400"
"320","50","0.9330","0.5567"
"320","50","0.8396","0.2667"
"320","50","0.9740","0.0133"
"320","50","0.5656","0.2200"
"320","50","0.8625","0.6600"
"320","50","0.8250","0.7800"
"","","",""
"","","",""
"320","50","0.7469","0.1800"
"","","",""
"320","50","0.5077","0.0525"
"320","50","0.9250","0.6400"
"","","",""
"","","",""
"320","50","0.9207","0.3369"
"","","",""
"320","50","0.9125","0.4000"
"","","",""
"320","50","0.1652","0.2197"
"320","50","0.9906","0.0800"
"320","50","0.8625","0.4800"
"320","50","0.8250","0.9600"
"","","",""
"","","",""
"320","50","0.4727","0.1514"
"","","",""
"320","50","0.0545","0.9800"
"","","",""
"320","50","0.3235","0.3939"
"320","50","0.9594","0.7800"
"320","50","0.1123","0.5980"
"320","50","0.8844","0.6200"
"320","50","0.8812","0.2800"
"320","50","0.9505","0.1950"
"","","",""
"320","50","0.5135","0.1610"
"320","50","0.2418","0.4934"
"320","51","0.6969","0.8824"
"","","",""
"320","50","0.6875","0.0400"
"","","",""
"","","",""
"320","50","0.9417","0.4267"
"","","",""
"320","50","0.0125","0.3800"
"","","",""
"320","50","0.9844","0.4400"
"","","",""
"320","50","0.9281","0.2400"
"320","50","0.5250","0.0000"
"","","",""
"320","50","0.6656","0.3200"
"","","",""
"320","50","0.9797","0.6900"
"320","50","0.0100","0.5854"
"","","",""
"320","50","0.0661","0.0182"
"320","50","0.2383","0.8452"
"320","50","0.9938","0.2800"
"320","50","0.2219","0.8000"
"","","",""
"","","",""
"","","",""
"320","50","0.2594","0.3600"
"320","50","0.6646","0.5280"
"320","50","0.3531","0.2600"
"","","",""
"320","50","0.7006","0.1743"
"320","50","0.8719","0.4800"
"","","",""
"320","50","0.6188","0.5600"
"","","",""
"320","50","0.2188","0.0600"
"320","50","0.4063","0.3600"
"","","",""
"320","50","0.4406","0.6200"
"320","50","0.9750","0.8000"
"","","",""
"320","50","0.3572","0.3313"
"","","",""
"","","",""
"320","50","0.8957","0.2091"
"320","50","0.5448","0.5333"
"320","50","0.8943","0.9846"
"320","50","0.8125","0.6800"
"320","50","0.5531","0.2400"
"","","",""
"320","50","0.8565","0.5779"
"","","",""
"","","",""
"","","",""
"320","50","0.4094","0.0400"
"","","",""
"320","50","0.1469","0.6000"
"320","50","0.6272","0.0008"
"320","50","0.9719","0.2400"
"320","50","0.7906","0.2000"
"320","51","0.1406","0.2941"
"320","50","0.9219","0.2600"
"320","50","0.7656","0.0600"
"320","50","0.5375","0.9800"
"320","50","0.0777","0.0168"
"320","50","0.6637","0.7482"
"320","50","0.8860","0.0048"
"320","50","0.9844","0.0000"
"","","",""
"320","50","0.3063","0.5000"
"320","50","0.7469","0.9800"
"320","50","0.4430","0.4212"
"320","50","0.3089","0.9400"
"320","50","0.5469","0.5600"
"320","50","0.9672","0.3100"
"320","50","0.7250","0.7600"
"320","50","0.5382","0.2913"
"320","50","0.3594","0.9400"
"320","50","0.6278","0.6695"
"320","50","0.6375","0.5200"
"320","50","0.1021","0.9333"
"320","50","0.8940","0.1455"
"320","50","0.9063","0.4400"
"320","50","0.8250","0.7400"
"320","50","0.4696","0.0607"
"320","50","0.2964","0.0115"
"320","50","0.5375","0.0800"
"320","50","0.6563","0.4400"
"320","50","0.8042","0.9333"
"","","",""
"320","50","0.3344","0.6600"
"320","50","0.0125","0.7400"
"320","50","0.7260","0.4333"
"","","",""
"","","",""
"320","50","0.3125","0.2800"
"320","50","0.7317","0.6933"
"320","50","0.8844","0.5200"
"320","50","0.9005","0.6919"
"","","",""
"320","50","0.0344","0.7600"
"320","50","0.0863","0.0799"
"320","50","0.8313","0.2800"
"320","50","0.5086","0.2792"
"320","50","0.3031","0.1600"
"","","",""
"","","",""
"","","",""
"320","50","0.9457","0.1398"
"320","50","0.5718","0.5588"
"320","50","0.9156","0.2000"
"320","50","0.9274","0.5606"
"320","50","0.4344","0.7800"
"320","50","0.9563","0.0400"
"320","50","0.8313","0.0800"
"","","",""
"320","50","0.2432","0.9758"
"320","50","0.3906","0.2000"
"320","50","0.7161","0.4981"
"320","50","0.1349","0.8669"
"320","50","0.2901","0.5128"
"320","50","0.9094","0.3400"
"320","50","0.7156","0.0600"
"320","50","0.4867","0.8601"
"320","50","0.4906","0.7600"
"","","",""
"","","",""
"","","",""
"","","",""
"320","50","0.4250","0.5200"
"320","50","0.4375","0.0400"
"320","50","0.8452","0.7482"
"320","50","0.8187","0.0400"
"","","",""
"320","50","0.5632","0.0715"
"","","",""
"320","240","0.7562","0.1667"
"320","50","0.9571","0.0952"
"320","50","0.7281","0.7200"
"320","50","0.9719","0.1600"
"320","50","0.9625","0.3000"
"320","51","0.5906","0.9412"
"320","50","0.2000","0.5400"
"320","50","0.5648","0.3960"
"320","51","0.9656","0.3333"
"320","50","0.8027","0.5106"
"","","",""
"","","",""
"320","50","0.2547","0.7731"
"320","50","0.3596","0.7894"
"320","50","0.7781","0.0200"
"320","50","0.5320","0.3612"
"320","50","0.7000","0.7200"
"320","51","0.0125","0.2353"
"300","47","0.1229","0.7796"
"","","",""
"320","50","0.5819","0.5111"
"320","50","0.5271","0.5733"
"320","50","0.9344","0.2400"
"300","47","0.1211","0.8939"
"","","",""
"","","",""
"","","",""
"320","50","0.4281","0.4800"
"320","50","0.7328","0.4700"
"320","51","0.0656","0.0000"
"320","50","0.0842","0.6910"
"320","50","0.7063","0.1800"
"320","50","0.4458","0.2933"
"320","50","0.4368","0.2436"
"320","50","0.8719","0.5200"
"320","50","0.9668","0.4936"
"320","50","0.2250","0.1000"
"320","50","0.9281","0.3800"
"320","50","0.9063","0.8600"
"","","",""
"320","50","0.9375","0.4400"
"","","",""
"320","50","0.1511","0.0200"
"320","50","0.1086","0.9963"
"320","50","0.8562","0.8400"
"320","50","0.9486","0.4135"
"320","50","0.8521","0.5467"
"320","50","0.8656","0.1000"
"320","50","0.8625","0.9800"
"320","50","0.8487","0.4035"
"320","50","0.4125","0.9600"
"320","50","0.0187","0.4600"
"320","50","0.8812","0.9200"
"320","50","0.7156","0.0600"
"","","",""
"320","50","0.5417","0.0133"
"320","50","0.2536","0.7035"
"","","",""
"","","",""
"320","50","0.5887","0.6262"
"320","50","0.5281","0.3800"
"320","50","0.5975","0.4804"
"320","50","0.2062","0.0400"
"320","50","0.5663","0.1214"
"320","50","0.8434","0.6488"
"320","50","0.5938","0.7600"
"","","",""
"320","50","0.6594","0.1600"
"320","50","0.8943","0.7318"
"320","50","0.6000","0.7000"
"320","50","0.2052","0.9933"
"320","50","0.2100","0.0289"
"320","50","0.9479","0.1867"
"320","51","0.9313","0.6275"
"320","50","0.1094","0.6400"
"320","50","0.6750","0.6000"
"","","",""
"320","50","0.9082","0.6764"
"","","",""
"","","",""
"320","50","0.9486","0.2442"
"320","51","0.4562","0.0392"
"320","50","0.7145","0.2014"
"320","50","0.4375","0.4000"
"320","50","0.6906","0.0800"
"320","50","0.7209","0.0999"
"320","50","0.4854","0.0133"
"320","51","0.6250","0.7647"
"320","50","0.9776","0.7054"
"320","50","0.6875","0.2600"
"320","50","0.8212","0.3173"
"","","",""
"320","50","0.5445","0.5711"
"320","50","0.8375","0.4800"
"320","51","0.9187","0.5490"
"320","50","0.2750","0.4000"
"320","50","0.5437","0.0000"
"320","50","0.5313","0.3400"
"320","50","0.8313","0.8800"
"320","51","0.8906","0.4902"
"320","51","0.6219","0.0196"
"320","50","0.4789","0.0115"
"320","50","0.7875","0.8000"
"320","50","0.4698","0.7052"
"320","50","0.7880","0.6772"
"320","50","0.0458","0.7880"
"320","50","0.7008","0.7339"
"320","50","0.9361","0.6210"
"","","",""
"320","50","0.6312","0.7600"
"320","50","0.1500","0.4000"
"320","50","0.6320","0.3208"
"320","50","0.4203","0.0900"
"320","50","0.4633","0.0115"
"320","50","0.9125","0.0600"
"320","50","0.0922","0.5300"
"320","50","0.4625","0.0800"
"320","50","0.4899","0.1607"
"320","50","0.3430","0.1211"
"320","50","0.5125","0.6000"
"320","50","0.1036","0.2815"
"320","51","0.8156","0.2549"
"","","",""
"320","50","0.9286","0.5906"
"320","50","0.7771","0.7867"
"320","50","0.5375","0.3600"
"","","",""
"","","",""
"320","50","0.1776","0.1598"
"","","",""
"320","50","0.9770","0.9187"
"320","50","0.4990","0.1189"
"320","50","0.3250","0.2400"
"320","50","0.8125","0.0000"
"320","50","0.6750","0.8800"
"","","",""
"320","50","0.7675","0.3367"
"320","50","0.2406","0.3400"
"320","50","0.9730","0.2543"
"320","50","0.5594","0.9800"
"320","50","0.4500","0.7400"
"320","50","0.8812","0.2200"
"320","50","0.8812","0.3000"
"","","",""
"320","50","0.3264","0.1477"
"320","50","0.1497","0.7110"
"320","50","0.9375","0.5000"
"320","50","0.5039","0.3013"
"","","",""
"320","50","0.9459","0.3374"
"320","50","0.8250","0.9800"
"320","50","0.7750","0.7800"
"320","50","0.9875","0.1800"
"320","50","0.5104","0.8267"
"320","50","0.5717","0.4032"
"320","50","0.9187","0.5200"
"320","51","0.9750","0.3137"
"320","50","0.5276","0.3455"
"360","640","0.7559","0.8813"
"320","50","0.9250","0.8000"
"320","50","0.4344","0.8800"
"320","50","0.3949","0.8516"
"320","50","0.5757","0.9201"
"320","50","0.6053","0.3413"
"320","50","0.3156","0.8400"
"","","",""
"320","50","0.5260","0.9068"
"320","50","0.4781","0.5077"
"320","51","0.4844","0.6275"
"","","",""
"320","50","0.5949","0.1340"
"320","50","0.7740","0.1997"
"320","50","0.6937","0.8600"
"320","50","0.9688","0.6400"
"320","50","0.0291","0.9734"
"320","50","0.6719","0.3200"
"320","50","0.4375","0.2400"
"320","50","0.2875","0.4400"
"320","51","0.0969","0.9020"
"320","50","0.5726","0.4212"
"320","50","0.9149","0.5881"
"320","50","0.1619","0.6919"
"320","50","0.7344","0.7800"
"320","50","0.9969","0.9600"
"320","51","0.4625","0.5686"
"320","50","0.9250","0.6000"
"320","50","0.4990","0.9068"
"320","50","0.3000","0.6400"
"320","50","0.9123","0.7597"
"320","50","0.1125","0.6400"
"320","50","0.7813","0.6200"
"320","50","0.7400","0.4563"
"","","",""
"320","50","0.8050","0.2137"
"320","50","0.9294","0.3114"
"320","50","0.5619","0.3493"
"320","50","0.2813","0.1200"
"320","50","0.7312","0.1000"
"320","50","0.7281","0.5600"
"320","240","0.3719","0.0500"
"320","50","0.3094","0.0000"
"320","50","0.8394","0.4122"
"320","51","0.8938","0.5294"
"320","50","0.8856","0.1243"
"320","50","0.9906","0.1000"
"320","50","0.3213","0.8208"
"320","50","0.8104","0.7333"
"320","50","0.0745","0.5505"
"320","50","0.3688","0.5800"
"","","",""
"","","",""
"","","",""
"320","50","0.9750","0.1000"
"320","50","0.9750","0.7600"
"320","50","0.3812","0.4600"
"320","50","0.1109","0.9100"
"","","",""
"320","50","0.7796","0.0945"
"","","",""
"320","50","0.1345","0.1497"
"320","50","0.1840","0.7996"
"","","",""
"320","50","0.4927","0.3899"
"320","50","0.5469","0.4200"
"320","50","0.2495","0.4508"
"320","50","0.9000","0.5400"
"320","50","0.6594","0.0000"
"320","50","0.9313","0.8400"
"320","50","0.2756","0.4393"
"320","50","0.8250","0.2000"
"320","50","0.8331","0.9001"
"320","50","0.9345","0.3236"
"320","50","0.3619","0.2513"
"320","50","0.9455","0.2436"
"320","50","0.6615","0.6667"
"320","50","0.5679","0.2892"
"320","50","0.5301","0.4007"
"320","50","0.3713","0.3313"
"320","50","0.1521","0.0933"
"","","",""
"","","",""
"320","50","0.0031","0.8800"
"320","50","0.9844","0.2000"
"","","",""
"320","50","0.2750","0.5200"
"320","50","0.7125","0.1200"
"","","",""
"320","50","0.4250","0.6200"
"320","50","0.6549","0.3669"
"320","50","0.1318","0.8284"
"320","51","0.5125","0.0784"
"320","50","0.3875","0.4000"
"320","50","0.1324","0.7806"
"320","50","0.9437","0.1200"
"","","",""
"320","50","0.0437","0.0600"
"320","50","0.9719","0.4600"
"320","50","0.5281","0.0200"
"320","50","0.4823","0.0508"
"320","50","0.0418","0.0100"
"320","50","0.9205","0.4746"
"320","50","0.5313","0.0000"
"","","",""
"320","50","0.9517","0.1931"
"320","50","0.3347","0.5883"
"320","50","0.4625","0.1000"
"320","50","0.2527","0.8778"
"320","50","0.7256","0.0200"
"320","50","0.1875","0.2600"
"320","51","0.9375","0.9216"
"320","50","0.8737","0.8501"
"320","50","0.4789","0.0407"
"320","50","0.1125","0.9800"
"320","50","0.9438","0.3907"
"320","51","0.9750","0.4314"
"320","51","0.9281","0.1569"
"","","",""
"320","51","0.3312","0.8824"
"320","50","0.4094","0.5000"
"320","50","0.4500","0.0800"
"","","",""
"320","50","0.3844","0.0000"
"","","",""
"320","50","0.4625","0.4400"
"320","50","0.4524","0.9900"
"360","640","0.7833","0.5125"
"320","50","0.6906","0.0000"
"320","50","0.0886","0.0100"
"","","",""
"320","50","0.5489","0.4572"
"320","240","0.3031","0.0583"
"320","50","0.5766","0.9900"
"","","",""
"320","50","0.3151","0.7632"
"320","50","0.5523","0.8788"
"320","50","0.0219","0.9600"
"320","50","0.5710","0.1398"
"320","50","0.8938","0.0800"
"320","50","0.1827","0.0819"
"","","",""
"320","50","0.2562","0.4800"
"","","",""
"320","50","0.6188","0.8600"
"320","50","0.9707","0.0499"
"","","",""
"320","50","0.0266","0.4125"
"320","50","0.3213","0.6825"
"320","50","0.4605","0.5606"
"","","",""
"320","50","0.5616","0.0132"
"","","",""
"320","50","0.6656","0.8600"
"320","50","0.0906","0.7000"
"320","50","0.8082","0.6080"
"","","",""
"320","50","0.4396","0.0533"
"320","50","0.7719","0.5000"
"320","51","0.7281","0.3922"
"320","50","0.2245","0.0945"
"","","",""
"320","50","0.7549","0.3459"
"320","51","0.5223","0.0250"
"320","50","0.2640","0.8668"
"320","50","0.0250","0.0000"
"","","",""
"320","50","0.7712","0.6794"
"","","",""
"320","50","0.2531","0.5000"
"","","",""
"320","50","0.8781","0.3000"
"320","50","0.7485","0.4580"
"","","",""
"","","",""
"320","50","0.7773","0.7401"
"320","50","0.1792","0.3733"
"","","",""
"","","",""
"","","",""
"320","50","0.6694","0.2996"
"","","",""
"320","50","0.8845","0.3525"
"320","50","0.4599","0.1804"
"320","50","0.3792","0.6533"
"","","",""
"320","50","0.9281","0.2600"
"320","50","0.4500","0.8800"
"320","50","0.4329","0.9267"
"","","",""
"","","",""
"320","51","0.3312","0.8824"
"320","50","0.8396","0.1333"
"320","240","0.5813","0.1458"
"320","50","0.8586","0.7167"
"320","50","0.8906","0.5400"
"320","50","0.9172","0.3100"
"320","50","0.3572","0.3912"
"","","",""
"","","",""
"320","50","0.2938","0.0000"
"","","",""
"","","",""
"320","50","0.5282","0.3693"
"320","50","0.0969","0.9800"
"","","",""
"320","50","0.5656","0.1200"
"","","",""
"320","50","0.5844","0.8200"
"320","50","0.9187","0.9000"
"320","50","0.5757","0.9800"
"","","",""
"320","50","0.9814","0.4283"
"","","",""
"320","50","0.4740","0.0420"
"320","50","0.5219","0.0000"
"320","50","0.3531","0.6800"
"320","50","0.8786","0.5344"
"","","",""
"320","50","0.0469","0.4800"
"320","50","0.5083","0.1747"
"320","50","0.8938","0.6400"
"320","50","0.9313","0.3600"
"320","50","0.8375","0.9800"
"320","50","0.8875","0.5800"
"320","51","0.9906","0.8824"
"320","50","0.9688","0.3000"
"320","50","0.5822","0.0931"
"320","50","0.0115","0.0133"
"","","",""
"","","",""
"320","50","0.8534","0.5234"
"320","50","0.5351","0.3712"
"320","50","0.8399","0.2495"
"320","50","0.9187","0.2400"
"320","50","0.2062","0.5600"
"320","50","0.1094","0.1000"
"320","50","0.6875","0.4000"
"320","50","0.2160","0.0154"
"320","50","0.9437","0.3000"
"","","",""
"320","50","0.1308","0.2497"
"320","50","0.4587","0.0483"
"","","",""
"320","50","0.1375","0.1200"
"320","50","0.8225","0.8265"
"320","50","0.3891","0.2900"
"320","50","0.4938","0.5600"
"","","",""
"","","",""
"320","50","0.7188","0.5200"
"320","50","0.7130","0.7519"
"320","51","0.6125","0.6471"
"","","",""
"","","",""
"320","50","0.9457","0.0999"
"320","50","0.9500","0.2600"
"320","50","0.8399","0.4431"
"","","",""
"320","50","0.9271","0.4133"
"320","50","0.5928","0.4881"
"","","",""
"320","50","0.4593","0.4393"
"320","50","0.7250","0.1000"
"320","50","0.0714","0.3994"
"320","50","0.5062","0.3200"
"320","50","0.9578","0.2700"
"320","50","0.4750","0.6800"
"320","50","0.2500","0.9200"
"320","50","0.4181","0.3012"
"320","50","0.8448","0.8733"
"","","",""
"320","49","0.5375","0.7551"
"320","50","0.5571","0.3702"
"320","50","0.1125","0.4200"
"320","50","0.5813","0.0000"
"320","50","0.6906","0.5600"
"320","50","0.1124","0.9900"
"320","50","0.5500","0.5200"
"320","50","0.9437","0.4000"
"320","50","0.5375","0.6400"
"320","50","0.5008","0.1414"
"320","50","0.4618","0.6510"
"600","1024","0.4117","0.0000"
"320","50","0.6188","0.3200"
"320","50","0.1642","0.9734"
"","","",""
"","","",""
"320","50","0.4656","0.2600"
"320","50","0.3406","0.4800"
"320","50","0.1812","0.2200"
"320","50","0.9334","0.6437"
"320","50","0.1062","0.5800"
"320","50","0.6141","0.0300"
"320","51","0.2125","0.4510"
"320","50","0.6969","0.4400"
"320","50","0.3401","0.4412"
"320","50","0.5008","0.3653"
"320","50","0.8906","0.8200"
"","","",""
"320","50","0.4116","0.5208"
"320","50","0.6053","0.6380"
"","","",""
"320","50","0.8381","0.3459"
"320","50","0.9457","0.1598"
"320","50","0.4562","0.6400"
"320","50","0.5406","0.3200"
"","","",""
"320","50","0.8375","0.5200"
"320","50","0.4750","0.5000"
"320","50","0.4875","0.2600"
"320","50","0.4313","0.4600"
"320","50","0.9061","0.3859"
"320","50","0.9567","0.0599"
"320","50","0.6715","0.7103"
"320","50","0.7479","0.9933"
"320","50","0.0613","0.4281"
"320","50","0.8313","0.0800"
"320","50","0.9938","0.2600"
"320","50","0.7707","0.5011"
"320","50","0.5343","0.5570"
"320","50","0.6000","0.8200"
"320","50","0.2500","0.0200"
"","","",""
"320","50","0.4417","0.6667"
"300","47","0.3844","0.8581"
"","","",""
"320","50","0.6370","0.4300"
"320","50","0.6813","0.3200"
"320","50","0.2549","0.9950"
"320","51","0.2656","0.4902"
"320","50","0.4031","0.5000"
"320","50","0.9109","0.8300"
"320","50","0.6259","0.0133"
"320","51","0.0563","0.3529"
"320","50","0.3929","0.0556"
"320","50","0.7031","0.2000"
"320","50","0.9333","0.2667"
"356","50","0.0590","0.4000"
"320","50","0.9459","0.5371"
"","","",""
"320","50","0.0826","0.0108"
"","","",""
"320","50","0.0000","0.6200"
"320","50","0.4415","0.5834"
"","","",""
"320","51","0.6406","0.4118"
"320","50","0.8781","0.7200"
"320","50","0.9083","0.3733"
"320","50","0.3118","0.7070"
"320","50","0.5663","0.4312"
"320","50","0.9376","0.2442"
"","","",""
"320","50","0.2562","0.8200"
"320","51","0.9000","0.0000"
"320","50","0.9442","0.7234"
"","","",""
"","","",""
"320","50","0.9082","0.1691"
"320","50","0.4771","0.6933"
"320","50","0.4821","0.1414"
"320","51","0.7406","0.8039"
"320","50","0.4531","0.9000"
"320","50","0.4399","0.7379"
"320","50","0.4500","0.4400"
"","","",""
"320","50","0.7438","0.5600"
"320","50","0.9375","0.2600"
"","","",""
"320","50","0.6465","0.9101"
"320","50","0.1656","0.4800"
"320","50","0.9521","0.9667"
"320","50","0.0750","0.7200"
"320","50","0.5891","0.8700"
"320","50","0.8063","0.0400"
"","","",""
"320","50","0.8128","0.8601"
"320","50","0.3219","0.8400"
"320","51","0.4688","0.3922"
"","","",""
"320","50","0.9469","0.2400"
"320","50","0.9219","0.5000"
"","","",""
"","","",""
"","","",""
"","","",""
"","","",""
"","","",""
"320","50","0.9437","0.3400"
"","","",""
"","","",""
"320","50","0.5679","0.2460"
"320","50","0.5010","0.7295"
"","","",""
"320","50","0.4094","0.5800"
"320","50","0.9189","0.5252"
"320","50","0.2625","0.6800"
"","","",""
"320","50","0.3320","0.0356"
"320","50","0.4063","0.5000"
"320","50","0.4719","0.3200"
"320","50","0.2750","0.2000"
"320","50","0.4688","0.7000"
"320","50","0.7969","0.2200"
"","","",""
"","","",""
"320","50","0.9938","0.2200"
"320","50","0.9094","0.2000"
"320","50","0.7133","0.3860"
"320","50","0.9625","0.2400"
"","","",""
"","","",""
"320","50","0.7900","0.4032"
"360","640","0.2028","0.7656"
"320","50","0.1123","0.5738"
"320","50","0.3098","0.4673"
"320","50","0.5801","0.6281"
"320","50","0.8880","0.0599"
"320","50","0.9252","0.3635"
"320","51","0.9938","0.0000"
"320","50","0.6405","0.8270"
"320","50","0.1372","0.9408"
"320","50","0.9448","0.0896"
"","","",""
"","","",""
"320","50","0.8441","0.4540"
"","","",""
"320","50","0.6906","0.0000"
"320","51","0.8781","0.6471"
"320","50","0.5702","0.0170"
"320","50","0.1313","0.5200"
"320","50","0.5885","0.1245"
"320","50","0.4313","0.1200"
"320","50","0.9469","0.2800"
"320","50","0.8615","0.2933"
"320","50","0.9459","0.4040"
"320","50","0.7739","0.2531"
"320","50","0.5726","0.5380"
"","","",""
"320","50","0.8984","0.6900"
"","","",""
"320","50","0.4031","0.0200"
"320","50","0.5829","0.3997"
"320","50","0.2687","0.5800"
"320","50","0.4313","0.7400"
"","","",""
"320","50","0.8438","0.0000"
"320","50","0.8737","0.5711"
"","","",""
"320","50","0.5070","0.2912"
"320","50","0.9875","0.8400"
"","","",""
"320","50","0.3347","0.4018"
"320","51","0.5219","0.8039"
"320","50","0.5094","0.9400"
"320","50","0.9125","0.0800"
"320","51","0.9906","0.7451"
"320","50","0.4844","0.1000"
"320","50","0.1348","0.0580"
"320","50","0.8484","0.3700"
"","","",""
"320","50","0.9049","0.0375"
"320","50","0.4836","0.3513"
"","","",""
"320","50","0.2797","0.4900"
"","","",""
"320","50","0.9563","0.1000"
"","","",""
"320","51","0.9906","0.7451"
"320","50","0.8971","0.5411"
"320","51","0.4437","0.4902"
"","","",""
"320","50","0.1695","0.0825"
"320","50","0.8724","0.8388"
"320","50","0.2344","0.1000"
"320","50","0.4025","0.0214"
"320","50","0.5156","0.0020"
"320","50","0.7341","0.2283"
"320","50","0.3312","0.7200"
"","","",""
"320","50","0.7125","0.6600"
"","","",""
"320","51","0.1531","0.3137"
"","","",""
"320","50","0.4516","0.2804"
"320","50","0.0496","0.3994"
"320","50","0.3969","0.0200"
"320","50","0.5320","0.6180"
"320","50","0.6594","0.0400"
"","","",""
"320","50","0.9392","0.6310"
"320","50","0.2808","0.2306"
"320","50","0.6429","0.0100"
"320","50","0.1809","0.4806"
"320","50","0.7438","0.9200"
"320","50","0.5468","0.4016"
"320","50","0.7937","0.4800"
"320","50","0.5031","0.0184"
"320","50","0.5750","0.4000"
"","","",""
"320","50","0.4437","0.3400"
"360","640","0.5361","0.9594"
"320","50","0.4708","0.1733"
"320","50","0.1715","0.8281"
"320","50","0.4562","0.1800"
"320","50","0.5375","0.3600"
"320","50","0.4094","0.3400"
"320","50","0.1875","0.9400"
"320","50","0.5052","0.6671"
"320","50","0.7094","0.0000"
"320","50","0.9458","0.4933"
"320","50","0.2760","0.5307"
"320","50","0.0750","0.7000"
"320","50","0.3719","0.4800"
"320","50","0.6633","0.7953"
"320","50","0.4063","0.0600"
"320","50","0.3285","0.5738"
"","","",""
"320","50","0.5156","0.7000"
"320","50","0.2729","0.8667"
"320","50","0.9969","0.2200"
"320","50","0.4743","0.1382"
"320","50","0.0371","0.1094"
"320","50","0.4875","0.8800"
"320","50","0.9938","0.4600"
"320","49","0.6875","0.1020"
"","","",""
"320","50","0.9287","0.3474"
"320","50","0.5198","0.7864"
"320","50","0.3219","0.0200"
"320","50","0.7000","0.0000"
"320","50","0.4742","0.0100"
"320","50","0.2354","0.8123"
"","","",""
"320","50","0.9938","0.2200"
"320","50","0.5656","0.3600"
"","","",""
"320","50","0.9500","0.2400"
"320","50","0.8969","0.4000"
"320","50","0.3750","0.2800"
"320","50","0.9281","0.9000"
"320","50","0.6958","0.4135"
"320","50","0.4781","0.1000"
"320","50","0.2906","0.7200"
"320","50","0.6382","0.4394"
"320","50","0.5975","0.1607"
"320","50","0.4871","0.4781"
"320","50","0.8799","0.3236"
"","","",""
"","","",""
"320","50","0.9125","0.1600"
"320","50","0.9033","0.8601"
"640","360","0.8542","0.5463"
"320","50","0.8005","0.7133"
"320","50","0.9781","0.3000"
"320","50","0.8818","0.0798"
"320","50","0.5656","0.1200"
"320","50","0.7281","0.0400"
"320","50","0.6687","0.4200"
"320","50","0.0531","0.0600"
"320","50","0.1973","0.4923"
"320","50","0.0375","0.8400"
"320","50","0.2781","0.7800"
"","","",""
"320","50","0.2156","0.8200"
"320","50","0.1563","0.6000"
"320","50","0.9065","0.4612"
"320","50","0.1125","0.8000"
"","","",""
"","","",""
"","","",""
"320","50","0.5073","0.7472"
"320","50","0.8583","0.2667"
"320","50","0.3906","0.0600"
"320","50","0.6522","0.5228"
"320","50","0.9781","0.5400"
"320","50","0.8646","0.0133"
"320","50","0.4672","0.8100"
"320","50","0.7288","0.6726"
"","","",""
"","","",""
"320","50","0.5042","0.5067"
"320","50","0.5000","0.0800"
"320","50","0.5491","0.2759"
"320","50","0.8316","0.0545"
"320","50","0.2121","0.4540"
"320","50","0.5364","0.1464"
"320","50","0.1206","0.5206"
"320","50","0.9406","0.8800"
"320","50","0.2219","0.2600"
"320","50","0.5615","0.9219"
"320","50","0.8052","0.0100"
"320","50","0.6125","0.3000"
"320","50","0.8292","0.0933"
"320","50","0.5635","0.1533"
"320","50","0.1691","0.1055"
"320","50","0.7521","0.3867"
"320","50","0.8542","0.8533"
"320","50","0.9125","0.4000"
"320","50","0.0277","0.0100"
"320","50","0.8531","0.7000"
"320","50","0.8438","0.9800"
"320","50","0.9375","0.0800"
"","","",""
"320","50","0.2844","0.8000"
"","","",""
"","","",""
"320","50","0.7656","0.8000"
"","","",""
"320","50","0.3187","0.2000"
"","","",""
"","","",""
"320","50","0.4087","0.6333"
"320","50","0.7667","0.2267"
"320","50","0.0911","0.5239"
"","","",""
"","","",""
"320","50","0.6854","0.4867"
"","","",""
"320","50","0.0920","0.5111"
"320","50","0.3213","0.1015"
"","","",""
"320","50","0.9459","0.3374"
"320","50","0.0021","0.4933"
"","","",""
"","","",""
"","","",""
"","","",""
"320","50","0.4969","0.0000"
"","","",""
"","","",""
"320","50","0.0583","0.6267"
"320","50","0.8906","0.7600"
"320","50","0.4875","0.8600"
"320","50","0.9063","0.9800"
"320","50","0.3694","0.2137"
"320","50","0.0929","0.7563"
"","","",""
"","","",""
"","","",""
"","","",""
"320","50","0.1781","0.6200"
"320","50","0.4911","0.3300"
"320","50","0.8005","0.2796"
"320","50","0.8812","0.5400"
"320","50","0.2386","0.2206"
"320","50","0.9484","0.0700"
"320","50","0.0334","0.4927"
"320","50","0.9250","0.4000"
"","","",""
"","","",""
"320","50","0.7469","0.0800"
"","","",""
"","","",""
"320","50","0.9745","0.2354"
"320","50","0.1823","0.3196"
"320","50","0.2192","0.3997"
"320","50","0.6031","0.2000"
"320","50","0.0167","0.1347"
"320","50","0.9375","0.9600"
"320","50","0.9189","0.0569"
"320","50","0.8938","0.0200"
"320","50","0.4750","0.4800"
"320","50","0.8812","0.5600"
"320","51","0.8969","0.3725"
"","","",""
"320","50","0.9104","0.0067"
"320","50","0.2823","0.0015"
"320","50","0.7719","0.1400"
"320","50","0.7504","0.0438"
"320","50","0.1563","0.9000"
"320","50","0.5258","0.2411"
"320","50","0.1656","0.6200"
"320","50","0.1094","0.2800"
"320","50","0.3931","0.9001"
"","","",""
"","","",""
"","","",""
"","","",""
"320","50","0.9708","0.0133"
"320","50","0.6312","0.2400"
"","","",""
"320","50","0.5750","0.9200"
"320","50","0.5960","0.9800"
"320","51","0.4375","0.5686"
"","","",""
"320","50","0.1476","0.0678"
"320","50","0.0108","0.5034"
"","","",""
"320","50","0.8250","0.5800"
"","","",""
"320","50","0.9501","0.2536"
"320","50","0.8875","0.4800"
"320","50","0.4969","0.4600"
"320","50","0.3312","0.1800"
"320","50","0.4220","0.0012"
"320","50","0.0156","0.6000"
"320","50","0.6361","0.4370"
"320","50","0.1931","0.0503"
"","","",""
"","","",""
"320","50","0.6719","0.7400"
"320","50","0.8909","0.7110"
"","","",""
"320","50","0.9313","0.1800"
"320","51","0.9063","0.7059"
"320","50","0.8846","0.5680"
"","","",""
"320","50","0.5375","0.1800"
"640","360","0.0406","0.9556"
"320","50","0.6364","0.9734"
"320","50","0.9042","0.3333"
"","","",""
"320","50","0.5344","0.2400"
"","","",""
"320","50","0.7500","0.4400"
"","","",""
"320","50","0.1700","0.5734"
"320","50","0.6406","0.0000"
"320","50","0.7522","0.5107"
"320","50","0.2527","0.4312"
"320","50","0.9375","0.5600"
"320","50","0.9938","0.3800"
"480","50","0.9625","0.3400"
"","","",""
"600","1024","0.4917","0.3438"
"320","50","0.5730","0.2708"
"320","50","0.4156","0.3600"
"320","50","0.8943","0.9098"
"320","50","0.4813","0.0400"
"320","50","0.9531","0.4600"
"320","50","0.9031","0.8800"
"320","50","0.4406","0.1200"
"320","50","0.5676","0.0412"
"320","50","0.5821","0.8668"
"320","50","0.9437","0.2200"
"320","50","0.4984","0.4100"
"320","50","0.2073","0.7867"
"320","50","0.8854","0.8533"
"320","50","0.1642","0.6569"
"320","50","0.6781","0.9200"
"320","50","0.4134","0.7595"
"320","50","0.9281","0.0000"
"","","",""
"320","50","0.2813","0.6600"
"320","50","0.9376","0.3241"
"","","",""
"320","50","0.0969","0.3400"
"320","50","0.4406","0.4400"
"320","50","0.3484","0.6100"
"320","50","0.8458","0.6267"
"320","50","0.9344","0.2200"
"320","50","0.6013","0.2759"
"320","50","0.4063","0.4400"
"320","50","0.5104","0.5080"
"","","",""
"320","50","0.8255","0.7726"
"320","50","0.5258","0.2996"
"320","50","0.1417","0.4667"
"320","240","0.9094","0.1375"
"320","50","0.2479","0.0133"
"","","",""
"320","50","0.7333","0.5891"
"320","50","0.2344","0.6400"
"320","50","0.2947","0.4594"
"320","50","0.0250","0.2800"
"320","50","0.5700","0.4494"
"320","50","0.7285","0.1599"
"320","50","0.1688","0.4400"
"320","50","0.9437","0.6800"
"320","50","0.3367","0.5322"
"","","",""
"320","50","0.8438","0.5800"
"320","50","0.9437","0.2800"
"320","50","0.2969","0.0200"
"320","50","0.4200","0.4940"
"","","",""
"320","50","0.4531","0.3400"
"320","50","0.8940","0.4751"
"320","50","0.7781","0.9600"
"320","50","0.7842","0.7100"
"320","51","0.5500","0.4706"
"320","50","0.9317","0.7889"
"","","",""
"","","",""
"","","",""
"320","50","0.8646","0.4629"
"320","50","0.9459","0.3906"
"320","50","0.0281","0.9400"
"","","",""
"320","50","0.4087","0.0100"
"320","50","0.2000","0.5400"
"","","",""
"320","50","0.0187","0.4800"
"320","50","0.9417","0.1467"
"320","50","0.8752","0.4535"
"320","50","0.9063","0.4800"
"","","",""
"","","",""
"320","50","0.6719","0.6800"
"320","50","0.9531","0.1600"
"320","50","0.0397","0.5995"
"","","",""
"320","50","0.6594","0.5200"
"320","50","0.5313","0.2200"
"320","50","0.0605","0.7864"
"","","",""
"320","50","0.5094","0.5800"
"320","50","0.8469","0.4000"
"320","50","0.0969","0.0000"
"320","50","0.3594","0.3600"
"320","50","0.2797","0.8500"
"320","50","0.8661","0.8189"
"320","50","0.5344","0.1000"
"320","50","0.6396","0.0533"
"320","51","0.2031","0.7255"
"320","50","0.9063","0.0800"
"320","50","0.6312","0.6400"
"320","50","0.8909","0.9001"
"320","50","0.2368","0.7101"
"","","",""
"320","50","0.2375","0.0000"
"320","50","0.8125","0.8800"
"320","50","0.7920","0.3806"
"","","",""
"","","",""
"320","50","0.8969","0.3000"
"320","50","0.6896","0.9733"
"320","51","0.1969","0.0784"
"320","50","0.9459","0.5638"
"","","",""
"","","",""
"","","",""
"320","50","0.5281","0.3800"
"320","51","0.9875","0.3137"
"320","50","0.0313","0.4800"
"320","50","0.2891","0.1406"
"320","534","0.8831","0.9150"
"320","50","0.4891","0.0900"
"","","",""
"320","50","0.9033","0.4030"
"320","50","0.1375","0.5400"
"","","",""
"320","50","0.7084","0.8189"
"320","50","0.2500","0.4800"
"320","50","0.9736","0.3851"
"320","50","0.1604","0.9467"
"320","50","0.3217","0.1182"
"320","51","0.8906","0.1176"
"320","50","0.5273","0.6879"
"","","",""
"","","",""
"320","50","0.3451","0.2308"
"320","50","0.5844","0.2600"
"320","50","0.7188","0.9400"
"320","50","0.9141","0.5267"
"320","50","0.6802","0.5933"
"","","",""
"320","50","0.6147","0.7120"
"320","50","0.5344","0.9600"
"320","50","0.9875","0.2600"
"320","50","0.8187","0.9600"
"","","",""
"","","",""
"","","",""
"320","50","0.9459","0.6037"
"320","50","0.4181","0.0015"
"","","",""
"","","",""
"320","50","0.9583","0.2667"
"320","50","0.8812","0.4800"
"320","50","0.8313","0.5400"
"","","",""
"","","",""
"320","50","0.7026","0.4572"
"320","50","0.4719","0.6000"
"320","50","0.7698","0.1733"
"","","",""
"320","50","0.7426","0.6763"
"","","",""
"320","51","0.2344","0.8431"
"320","50","0.9738","0.8583"
"360","56","0.2778","0.6071"
"360","56","0.2302","0.4826"
"","","",""
"320","50","0.4562","0.3200"
"","","",""
"320","50","0.5008","0.5111"
"320","50","0.2370","0.9734"
"","","",""
"320","50","0.9143","0.5755"
"","","",""
"320","50","0.8656","0.5800"
"320","50","0.9406","0.5600"
"320","50","0.8856","0.6037"
"320","50","0.1604","0.2533"
"320","50","0.4212","0.0108"
"","","",""
"320","50","0.1887","0.5034"
"320","50","0.4033","0.5307"
"320","50","0.8920","0.4416"
"320","50","0.9708","0.5867"
"320","50","0.5523","0.2397"
"320","50","0.1203","0.4300"
"320","50","0.7359","0.3908"
"","","",""
"320","50","0.5406","0.1800"
"320","50","0.5719","0.0000"
"320","50","0.4844","0.0600"
"","","",""
"320","50","0.5313","0.6400"
"320","50","0.5428","0.6280"
"320","50","0.3369","0.4412"
"320","50","0.6203","0.3700"
"320","51","0.9063","0.3529"
"320","50","0.9127","0.3113"
"320","50","0.8484","0.8300"
"320","50","0.5563","0.9800"
"320","50","0.7757","0.3726"
"320","50","0.9501","0.2421"
"320","50","0.2594","0.1400"
"320","50","0.8375","0.2600"
"320","50","0.9125","0.1400"
"320","50","0.4375","0.4400"
"320","50","0.6053","0.9377"
"320","50","0.6094","0.5800"
"320","51","0.4938","0.7451"
"320","50","0.8719","0.9400"
"320","50","0.7225","0.3295"
"320","50","0.9344","0.8400"
"320","50","0.1934","0.0915"
"320","50","0.5016","0.2900"
"320","50","0.0246","0.5992"
"320","50","0.1899","0.5188"
"","","",""
"320","50","0.4532","0.5073"
"","","",""
"","","",""
"320","50","0.1887","0.8801"
"320","50","0.9438","0.6703"
"320","50","0.1719","0.0000"
"320","50","0.5062","0.0600"
"320","50","0.8958","0.5267"
"320","50","0.8750","0.0000"
"320","50","0.9692","0.6890"
"320","50","0.2281","0.0000"
"320","51","0.9281","0.3529"
"320","50","0.8906","0.3800"
"320","50","0.4625","0.1200"
"320","50","0.4063","0.7400"
"","","",""
"320","50","0.5016","0.2700"
"320","50","0.8981","0.5497"
"320","50","0.8630","0.0100"
"320","50","0.6112","0.2942"
"320","50","0.3594","0.4400"
"","","",""
"320","50","0.9313","0.5600"
"320","50","0.5304","0.5295"
"320","50","0.0249","0.6429"
"320","50","0.9281","0.2200"
"320","50","0.9346","0.3181"
"320","50","0.0905","0.0562"
"320","50","0.6715","0.8426"
"320","50","0.5750","0.2200"
"","","",""
"320","50","0.9124","0.1367"
"320","50","0.0530","0.4983"
"320","50","0.9033","0.4529"
"320","50","0.2839","0.4212"
"320","50","0.6813","0.0000"
"","","",""
"320","50","0.8625","0.7200"
"320","50","0.2808","0.0008"
"320","50","0.2432","0.3341"
"320","50","0.9752","0.5504"
"320","50","0.1746","0.3438"
"320","50","0.9875","0.5400"
"","","",""
"320","50","0.6062","0.0000"
"320","50","0.4802","0.5371"
"320","50","0.4761","0.2009"
"","","",""
"320","50","0.2536","0.0822"
"320","50","0.8531","0.9600"
"320","50","0.8969","0.9200"
"320","50","0.7719","0.6000"
"320","50","0.1750","0.2600"
"320","50","0.5961","0.8002"
"320","50","0.0561","0.3765"
"","","",""
"320","50","0.5375","0.6000"
"320","50","0.6969","0.5000"
"320","50","0.4602","0.0115"
"320","50","0.8906","0.5400"
"320","50","0.9672","0.2500"
"320","50","0.1357","0.5011"
"320","50","0.9687","0.7197"
"360","640","0.6675","0.9419"
"320","50","0.7957","0.3630"
"320","50","0.5563","0.7800"
"","","",""
"","","",""
"320","50","0.4087","0.5780"
"320","50","0.0467","0.0115"
"320","50","0.0063","0.0800"
"320","50","0.1013","0.5011"
"320","50","0.1452","0.9867"
"320","50","0.5647","0.6128"
"320","50","0.5740","0.7194"
"320","51","0.5375","0.5882"
"320","50","0.7625","0.1800"
"","","",""
"320","50","0.1318","0.4146"
"320","50","0.3844","0.3600"
"320","50","0.3937","0.3800"
"320","50","0.6484","0.2100"
"320","50","0.9094","0.0000"
"320","50","0.1045","0.4112"
"320","50","0.4844","0.0000"
"320","50","0.0094","0.0400"
"320","50","0.3853","0.9301"
"320","50","0.9594","0.5000"
"320","50","0.9531","0.2400"
"","","",""
"","","",""
"320","50","0.9459","0.3640"
"320","50","0.8375","0.0000"
"320","50","0.9854","0.5067"
"320","51","0.9250","0.1961"
"320","50","0.4366","0.0154"
"320","50","0.3245","0.4552"
"","","",""
"320","50","0.4813","0.4200"
"320","50","0.6438","0.8600"
"320","51","0.0688","0.0000"
"320","50","0.2710","0.5476"
"320","50","0.6299","0.2167"
"320","50","0.9346","0.1331"
"320","50","0.2886","0.7809"
"320","50","0.5179","0.0831"
"320","55","0.0531","0.0727"
"320","50","0.8812","0.9600"
"320","50","0.7656","0.6600"
"320","50","0.3904","0.7864"
"","","",""
"","","",""
"320","50","0.5813","0.4200"
"320","50","0.3271","0.8267"
"320","50","0.9000","0.4800"
"320","50","0.7469","0.0600"
"320","50","0.7969","0.1800"
"320","50","0.1062","0.7400"
"320","50","0.5687","0.0200"
"320","50","0.9459","0.6303"
"","","",""
"320","50","0.9750","0.2200"
"320","50","0.9297","0.3700"
"","","",""
"320","50","0.9585","0.5637"
"320","50","0.4188","0.4800"
"320","50","0.4250","0.1400"
"320","50","0.9396","0.4933"
"320","50","0.0250","0.6000"
"320","50","0.9646","0.2933"
"320","50","0.5437","0.7800"
"","","",""
"320","50","0.4656","0.4400"
"320","50","0.2281","0.9400"
"320","50","0.3531","0.1800"
"","","",""
"320","50","0.3244","0.9587"
"320","50","0.8971","0.3922"
"320","50","0.7906","0.1200"
"320","50","0.9250","0.1800"
"320","50","0.5083","0.4933"
"320","50","0.5588","0.1338"
"320","50","0.9580","0.7446"
"320","50","0.5719","0.5600"
"","","",""
"320","50","0.9688","0.9600"
"320","50","0.1583","0.9867"
"320","50","0.0998","0.6327"
"320","50","0.2562","0.8800"
"320","50","0.8438","0.9600"
"320","50","0.8831","0.9808"
"320","50","0.7750","0.9200"
"320","50","0.6844","0.1600"
"320","50","0.8625","0.9200"
"","","",""
"","","",""
"320","50","0.8844","0.0000"
"","","",""
"320","50","0.3087","0.8588"
"320","50","0.5672","0.1500"
"320","50","0.0308","0.9713"
"","","",""
"320","50","0.5913","0.0699"
"","","",""
"320","50","0.6398","0.6550"
"320","50","0.8156","0.3200"
"320","50","0.3250","0.1600"
"320","50","0.8969","0.7200"
"","","",""
"","","",""
"320","50","0.8688","0.7000"
"","","",""
"320","50","0.1406","0.8000"
"320","50","0.0514","0.5534"
"320","50","0.8524","0.7869"
"320","50","0.3906","0.7000"
"320","50","0.2058","0.6437"
"","","",""
"","","",""
"320","50","0.6188","0.7400"
"320","50","0.0187","0.4697"
"320","50","0.5844","0.6000"
"","","",""
"","","",""
"320","50","0.2188","0.1600"
"320","50","0.4461","0.0100"
"320","50","0.2386","0.7002"
"320","50","0.9000","0.4000"
"","","",""
"320","50","0.9268","0.3535"
"320","50","0.9969","0.2400"
"320","50","0.7937","0.7400"
"","","",""
"","","",""
"320","50","0.8939","0.3648"
"","","",""
"320","50","0.7609","0.9226"
"320","50","0.4594","0.8200"
"320","50","0.7711","0.3403"
"320","50","0.6159","0.6897"
"320","50","0.7005","0.9201"
"","","",""
"320","50","0.6125","0.0000"
"320","50","0.7750","0.4200"
"320","50","0.8469","0.5600"
"320","240","0.0313","0.0542"
"320","50","0.6125","0.2600"
"320","50","0.3101","0.8139"
"320","50","0.5000","0.9200"
"320","50","0.4836","0.1007"
"320","50","0.4922","0.4589"
"320","50","0.9085","0.0052"
"320","50","0.9844","0.2400"
"320","50","0.5146","0.5867"
"","","",""
"","","",""
"","","",""
"","","",""
"","","",""
"","","",""
"","","",""
"","","",""
"","","",""
"","","",""
"320","50","0.9563","0.5600"
"","","",""
"320","51","0.5250","0.9216"
"320","50","0.7969","0.0000"
"","","",""
"320","50","0.0713","0.2542"
"320","50","0.2917","0.5467"
"320","50","0.2264","0.6730"
"","","",""
"320","50","0.4739","0.9101"
"320","50","0.9219","0.6000"
"","","",""
"","","",""
"320","50","0.8665","0.4494"
"320","50","0.3588","0.8326"
"320","50","0.9000","0.3200"
"320","50","0.2911","0.3608"
"320","50","0.7354","0.8267"
"320","50","0.4241","0.4815"
"","","",""
"320","50","0.8606","0.0577"
"320","50","0.8562","0.6200"
"320","50","0.1146","0.9067"
"","","",""
"320","50","0.9063","0.1600"
"","","",""
"320","50","0.8875","0.6400"
"320","50","0.9938","0.4000"
"","","",""
"","","",""
"","","",""
"320","50","0.9906","0.8000"
"320","50","0.9812","0.2800"
"","","",""
"","","",""
"","","",""
"","","",""
"","","",""
"320","50","0.8406","0.9200"
"320","50","0.6724","0.4734"
"","","",""
"320","50","0.8719","0.8000"
"320","50","0.1375","0.7200"
"","","",""
"320","50","0.5281","0.9200"
"320","50","0.2781","0.6800"
"320","50","0.4375","0.1400"
"320","50","0.3844","0.9800"
"360","640","0.9639","0.7922"
"","","",""
"","","",""
"320","50","0.9078","0.0700"
"320","50","0.5031","0.1200"
"320","50","0.9563","0.4800"
"","","",""
"","","",""
"","","",""
"","","",""
"320","50","0.7625","0.4000"
"","","",""
"","","",""
"320","50","0.9406","0.2600"
"","","",""
"","","",""
"320","50","0.9875","0.4400"
"","","",""
"320","50","0.4969","0.0000"
"320","50","0.9137","0.3123"
"320","50","0.6469","0.6000"
"320","50","0.1996","0.7809"
"","","",""
"320","50","0.0437","0.4400"
"320","50","0.9094","0.1200"
"","","",""
"","","",""
"320","50","0.6656","0.8800"
"","","",""
"320","50","0.7256","0.3608"
"320","50","0.8375","0.7000"
"","","",""
"","","",""
"320","50","0.0228","0.4040"
"320","50","0.1219","0.0400"
"","","",""
"","","",""
"","","",""
"320","50","0.9031","0.2000"
"320","50","0.0875","0.5600"
"320","50","0.3500","0.0400"
"320","50","0.4990","0.8801"
"320","50","0.8125","0.4600"
"","","",""
"","","",""
"320","50","0.8250","0.9600"
"320","50","0.9292","0.5333"
"","","",""
"320","50","0.2938","0.0200"
"320","50","0.4375","0.1200"
"320","50","0.1723","0.6035"
"","","",""
"","","",""
"","","",""
"320","50","0.3063","0.0000"
"320","50","0.8625","0.9800"
"320","50","0.3812","0.1200"
"320","50","0.3243","0.3086"
"320","50","0.9052","0.1034"
"320","50","0.6250","0.4800"
"320","50","0.1250","0.8400"
"320","50","0.1388","0.6979"
"320","50","0.5750","0.9400"
"320","51","0.3094","0.0000"
"","","",""
"320","50","0.4945","0.3812"
"320","50","0.4604","0.3867"
"320","50","0.1068","0.3608"
"320","50","0.9875","0.7600"
"320","50","0.1688","0.0200"
"320","50","0.7188","0.5200"
"320","50","0.9250","0.8200"
"320","50","0.8677","0.0100"
"","","",""
"320","50","0.8938","0.1200"
"320","50","0.9239","0.5193"
"320","50","0.3048","0.3725"
"320","50","0.8719","0.9600"
"320","50","0.5750","0.3600"
"320","50","0.9958","0.3607"
"","","",""
"","","",""
"320","50","0.1434","0.7317"
"","","",""
"","","",""
"320","50","0.8281","0.2400"
"","","",""
"320","50","0.9458","0.4533"
"","","",""
"320","50","0.6656","0.7200"
"320","51","0.5094","0.6667"
"","","",""
"","","",""
"320","50","0.9064","0.7081"
"320","50","0.8281","0.3400"
"320","50","0.3745","0.0287"
"","","",""
"320","50","0.4344","0.7600"
"320","50","0.9719","0.6000"
"","","",""
"320","50","0.6194","0.1314"
"320","50","0.0250","0.3000"
"","","",""
"320","50","0.5710","0.3395"
"320","50","0.9875","0.2400"
"320","50","0.8063","0.9800"
"320","50","0.2125","0.3400"
"320","50","0.8187","0.9600"
"320","50","0.4875","0.0000"
"360","640","0.4868","0.5324"
"320","50","0.3719","0.3800"
"320","50","0.0530","0.1338"
"320","50","0.5125","0.1200"
"320","50","0.3094","0.8000"
"320","51","0.2750","0.1569"
"320","50","0.9267","0.8501"
"320","50","0.3151","0.1107"
"320","50","0.9469","0.0000"
"","","",""
"320","50","0.8599","0.0699"
"320","50","0.2542","0.2114"
"320","51","0.9313","0.0980"
"320","50","0.9692","0.4889"
"","","",""
"320","50","0.9424","0.6210"
"320","50","0.9500","0.2800"
"320","50","0.3467","0.1983"
"320","50","0.4945","0.9900"
"","","",""
"320","50","0.0313","0.7800"
"320","50","0.4406","0.0800"
"","","",""
"320","50","0.0898","0.3900"
"320","50","0.7083","0.8133"
"320","50","0.9875","0.0200"
"","","",""
"320","50","0.9620","0.0313"
"","","",""
"320","51","0.4844","0.2941"
"320","50","0.4656","0.3600"
"320","50","0.7750","0.9800"
"320","50","0.5838","0.0477"
"320","50","0.4469","0.6800"
"320","50","0.6406","0.6600"
"","","",""
"320","50","0.8688","0.9600"
"320","51","0.8500","0.7255"
"","","",""
"320","50","0.9766","0.2900"
"320","50","0.9000","0.2200"
"320","51","0.0688","0.9020"
"","","",""
"320","50","0.8857","0.6467"
"320","50","0.8170","0.4285"
"320","50","0.8562","0.0400"
"320","50","0.1292","0.7867"
"320","50","0.7424","0.9867"
"320","50","0.8958","0.5333"
"320","50","0.4571","0.5011"
"320","50","0.4250","0.3000"
"","","",""
"320","50","0.2964","0.7770"
"","","",""
"320","51","0.0406","0.7451"
"320","50","0.3875","0.5600"
"320","50","0.9268","0.3468"
"320","50","0.9812","0.4400"
"320","50","0.8625","0.0400"
"320","50","0.9406","0.2400"
"320","50","0.8727","0.4361"
"320","51","0.9875","0.2745"
"320","50","0.5313","0.2600"
"320","50","0.8906","0.8600"
"","","",""
"320","50","0.2094","0.0400"
"320","50","0.5198","0.1354"
"","","",""
"320","50","0.7600","0.9023"
"320","50","0.5240","0.5833"
"320","50","0.6741","0.2311"
"320","50","0.2844","0.4400"
"320","50","0.4121","0.1989"
"320","50","0.8531","0.4400"
"320","50","0.9345","0.5329"
"320","50","0.5492","0.6686"
"320","50","0.1469","0.3200"
"320","50","0.3031","0.6400"
"320","50","0.2000","0.7200"
"","","",""
"320","50","0.6359","0.4700"
"","","",""
"320","50","0.8960","0.9697"
"","","",""
"320","50","0.4384","0.7127"
"","","",""
"320","50","0.4969","0.1200"
"320","50","0.4054","0.6271"
"320","51","0.5625","0.4706"
"320","51","0.5000","0.5882"
"","","",""
"","","",""
"","","",""
"","","",""
"320","50","0.9063","0.0600"
"320","50","0.9096","0.2536"
"320","50","0.0375","0.0800"
"320","50","0.9187","0.6800"
"320","50","0.8729","0.8533"
"","","",""
"320","50","0.2031","0.9800"
"320","50","0.8363","0.1007"
"","","",""
"","","",""
"","","",""
"320","50","0.4500","0.1400"
"320","50","0.9344","0.9000"
"","","",""
"320","50","0.2317","0.9817"
"320","50","0.8875","0.1400"
"320","51","0.2469","0.0784"
"320","50","0.2014","0.5455"
"320","50","0.1819","0.7996"
"320","50","0.9814","0.8445"
"320","50","0.8375","0.1800"
"320","50","0.9437","0.3000"
"320","50","0.4470","0.2553"
"320","50","0.2813","0.4600"
"","","",""
"320","50","0.8794","0.0156"
"320","50","0.4781","0.7464"
"320","50","0.4854","0.0667"
"320","50","0.8886","0.4995"
"320","50","0.7625","0.8800"
"320","50","0.9313","0.8400"
"320","50","0.1466","0.9908"
"320","50","0.8519","0.2224"
"320","50","0.9610","0.9867"
"320","50","0.1688","0.1200"
"320","50","0.8239","0.4705"
"320","50","0.9125","0.1200"
"320","51","0.0938","0.3922"
"","","",""
"","","",""
"320","50","0.6221","0.7101"
"","","",""
"320","50","0.6813","0.1200"
"","","",""
"320","50","0.2848","0.5150"
"","","",""
"320","50","0.2400","0.2384"
"320","50","0.0563","0.0400"
"","","",""
"320","50","0.0309","0.0316"
"320","50","0.6125","0.8400"
"320","50","0.9334","0.4306"
"320","50","0.6062","0.2400"
"320","50","0.2792","0.5234"
"320","50","0.5696","0.6969"
"320","50","0.4031","0.7600"
"320","50","0.9521","0.5733"
"320","50","0.2313","0.8600"
"320","50","0.4155","0.4101"
"320","50","0.1580","0.9734"
"320","50","0.0031","0.9200"
"320","51","0.7594","0.0196"
"320","50","0.1031","0.8000"
"320","50","0.1419","0.9025"
"320","50","0.3728","0.1414"
"","","",""
"","","",""
"","","",""
"320","50","0.4823","0.7433"
"320","50","0.8906","0.8400"
"320","50","0.4137","0.4407"
"320","50","0.9531","0.0400"
"320","51","0.9917","0.0654"
"320","50","0.0375","0.9000"
"","","",""
"320","50","0.2188","0.9600"
"320","50","0.7937","0.2000"
"320","50","0.9692","0.8988"
"320","50","0.1563","0.9200"
"","","",""
"","","",""
"320","50","0.5593","0.4806"
"320","50","0.9906","0.2800"
"320","51","0.1031","0.0784"
"320","50","0.5313","0.8800"
"320","50","0.4990","0.8668"
"320","50","0.3500","0.0000"
"320","50","0.9143","0.3205"
"320","50","0.9115","0.1133"
"320","50","0.8344","0.0000"
"320","50","0.7085","0.4108"
"320","50","0.0000","0.6200"
"320","50","0.7832","0.3897"
"","","",""
"320","50","0.8737","0.5628"
"320","50","0.6112","0.2276"
"320","51","0.0437","0.0196"
"320","50","0.9286","0.2831"
"320","50","0.9906","0.2800"
"320","50","0.7625","0.7200"
"320","50","0.9844","0.5000"
"320","50","0.4836","0.2398"
"320","50","0.9437","0.2800"
"320","50","0.9375","0.0200"
"320","50","0.6153","0.4048"
"320","50","0.8344","0.3400"
"320","50","0.6312","0.4600"
"320","50","0.6719","0.0000"
"320","50","0.6850","0.8788"
"320","50","0.5052","0.0422"
"320","50","0.8562","0.6400"
"320","50","0.0311","0.4793"
"320","50","0.9096","0.0738"
"320","50","0.8797","0.1331"
"320","50","0.9187","0.4000"
"320","50","0.4125","0.2800"
"320","50","0.4803","0.9867"
"","","",""
"","","",""
"320","50","0.6359","0.2700"
"320","50","0.6531","0.0200"
"320","50","0.0998","0.9734"
"640","360","0.5686","0.5017"
"","","",""
"320","50","0.9798","0.1824"
"320","50","0.3417","0.0933"
"320","50","0.3469","0.8200"
"320","50","0.9688","0.8800"
"320","50","0.5313","0.4600"
"320","50","0.5906","0.0200"
"320","50","0.8732","0.8269"
"320","50","0.8425","0.5611"
"320","50","0.8906","0.0400"
"320","50","0.5844","0.5200"
"320","50","0.9844","0.2800"
"320","50","0.4500","0.4400"
"","","",""
"","","",""
"320","50","0.5531","0.2600"
"320","50","0.4553","0.6271"
"","","",""
"","","",""
"320","50","0.2948","0.3733"
"320","50","0.2125","0.3800"
"320","50","0.5086","0.4711"
"320","50","0.2469","0.2000"
"320","50","0.5594","0.2800"
"320","50","0.6969","0.2800"
"320","51","0.9063","0.1373"
"320","50","0.0437","0.0000"
"320","50","0.0914","0.6501"
"320","50","0.5563","0.4600"
"320","50","0.5426","0.5896"
"320","50","0.4524","0.1958"
"320","50","0.4844","0.4400"
"320","50","0.7147","0.6426"
"320","50","0.3187","0.6000"
"320","50","0.8173","0.1331"
"320","50","0.4219","0.0000"
"320","50","0.9437","0.3200"
"320","50","0.9814","0.5128"
"320","50","0.0250","0.1400"
"320","50","0.8969","0.3800"
"320","50","0.5114","0.3588"
"320","50","0.9580","0.5028"
"","","",""
"","","",""
"320","50","0.7591","0.0553"
"320","50","0.1677","0.2867"
"320","50","0.6687","0.3600"
"320","50","0.4531","0.0400"
"360","640","0.7739","0.1171"
"320","50","0.1684","0.6080"
"320","50","0.0340","0.4090"
"320","50","0.2062","0.1200"
"","","",""
"320","50","0.9219","0.0000"
"320","50","0.9625","0.1000"
"320","50","0.1216","0.4934"
"320","50","0.4938","0.0000"
"","","",""
"","","",""
"320","50","0.6594","0.4200"
"320","50","0.9240","0.4867"
"","","",""
"320","50","0.2844","0.2400"
"320","51","0.0906","0.9020"
"320","50","0.5944","0.5584"
"320","50","0.7963","0.5251"
"320","50","0.9375","0.3400"
"320","50","0.9085","0.2276"
"","","",""
"320","50","0.1410","0.0287"
"320","50","0.4631","0.0076"
"320","50","0.4703","0.8700"
"320","50","0.5800","0.2543"
"320","51","0.0437","0.1765"
"320","50","0.8375","0.6000"
"320","50","0.9537","0.0887"
"320","50","0.5759","0.9925"
"320","50","0.5234","0.0700"
"320","50","0.7516","0.9700"
"320","50","0.1559","0.0831"
"320","50","0.5055","0.3881"
"320","50","0.9125","0.6600"
"320","50","0.9480","0.7603"
"","","",""
"320","50","0.9656","0.2600"
"320","50","0.9787","0.7482"
"320","50","0.4156","0.0000"
"320","50","0.4649","0.5050"
"320","50","0.4781","0.3000"
"320","50","0.2375","0.0200"
"320","50","0.3658","0.9979"
"320","50","0.2875","0.9600"
"320","50","0.9083","0.4230"
"320","50","0.6500","0.4600"
"320","50","0.9505","0.0114"
"","","",""
"","","",""
"320","50","0.0995","0.4330"
"320","50","0.8646","0.2533"
"320","50","0.5713","0.0466"
"","","",""
"320","50","0.6341","0.2143"
"320","50","0.2901","0.5629"
"320","50","0.1302","0.5097"
"320","51","0.9625","0.3333"
"320","50","0.9187","0.2200"
"320","50","0.3187","0.9000"
"320","50","0.6687","0.4400"
"320","50","0.4719","0.0200"
"320","50","0.3805","0.1754"
"320","50","0.1417","0.8702"
"320","50","0.2848","0.6373"
"320","50","0.9125","0.7800"
"","","",""
"320","50","0.9333","0.2733"
"320","50","0.6602","0.5628"
"320","50","0.9174","0.5321"
"320","50","0.0015","0.2930"
"320","50","0.5813","0.1000"
"320","50","0.4625","0.3200"
"","","",""
"","","",""
"320","50","0.3284","0.6836"
"320","50","0.9448","0.2733"
"320","50","0.8156","0.5000"
"","","",""
"320","50","0.6444","0.4793"
"320","50","0.9329","0.3130"
"320","50","0.0974","0.8383"
"320","50","0.9444","0.4900"
"360","640","0.3903","0.1617"
"320","50","0.6875","0.0000"
"320","50","0.9423","0.2769"
"320","50","0.8150","0.5605"
"320","50","0.6312","0.4600"
"320","50","0.4243","0.9587"
"320","50","0.7813","0.1200"
"320","50","0.7475","0.1012"
"300","47","0.2733","0.5106"
"320","50","0.7443","0.1098"
"320","50","0.2073","0.3752"
"320","50","0.6281","0.4200"
"320","50","0.3906","0.5600"
"320","50","0.9027","0.7850"
"","","",""
"","","",""
"320","50","0.8716","0.3319"
"","","",""
"320","50","0.9094","0.5600"
"","","",""
"320","50","0.9281","0.0200"
"320","50","0.5131","0.0330"
"320","50","0.1531","0.7400"
"","","",""
"","","",""
"","","",""
"","","",""
"320","50","0.8406","0.0000"
"","","",""
"","","",""
"320","51","0.8906","0.0196"
"","","",""
"","","",""
"","","",""
"320","50","0.2560","0.6844"
"320","50","0.5695","0.4494"
"320","50","0.7750","0.5600"
"320","50","0.9375","0.0400"
"","","",""
"","","",""
"","","",""
"320","50","0.2750","0.0200"
"","","",""
"320","50","0.4969","0.3613"
"320","50","0.8812","0.2200"
"","","",""
"","","",""
"","","",""
"","","",""
"","","",""
"","","",""
"320","50","0.0625","0.0200"
"","","",""
"320","50","0.9625","0.4200"
"","","",""
"320","50","0.6563","0.3200"
"320","50","0.3719","0.2800"
"","","",""
"","","",""
"","","",""
"","","",""
"320","50","0.8441","0.4329"
"","","",""
"","","",""
"320","50","0.8711","0.4565"
"320","50","0.2656","0.1200"
"320","50","0.9292","0.4667"
"","","",""
"","","",""
"320","50","0.9750","0.6400"
"320","50","0.9094","0.0000"
"320","50","0.3684","0.1409"
"320","50","0.9314","0.5129"
"320","50","0.0406","0.9200"
"320","50","0.9459","0.2841"
"320","50","0.4883","0.4394"
"320","50","0.2125","0.0400"
"320","50","0.7031","0.5000"
"320","50","0.6116","0.8578"
"320","50","0.8998","0.3725"
"320","50","0.6013","0.8702"
"320","50","0.5822","0.4279"
"320","50","0.8187","0.6200"
"","","",""
"","","",""
"","","",""
"","","",""
"320","51","0.5563","0.4706"
"","","",""
"","","",""
"320","50","0.2813","0.5600"
"","","",""
"","","",""
"","","",""
"320","50","0.9814","0.8201"
"320","50","0.9063","0.0000"
"","","",""
"320","50","0.4072","0.5911"
"","","",""
"","","",""
"320","50","0.1045","0.8409"
"320","50","0.4813","0.6800"
"320","50","0.8125","0.9800"
"320","50","0.9281","0.3200"
"320","50","0.8844","0.3800"
"","","",""
"320","51","0.3125","0.2549"
"","","",""
"320","50","0.4469","0.5600"
"","","",""
"320","51","0.3875","0.4314"
"320","50","0.8562","0.9200"
"320","50","0.7067","0.4729"
"320","50","0.4901","0.3403"
"320","50","0.9063","0.2800"
"320","50","0.9754","0.3630"
"","","",""
"320","50","0.8616","0.6873"
"","","",""
"323","51","0.7183","0.5490"
"320","50","0.0469","0.1200"
"320","50","0.5318","0.4938"
"320","50","0.8750","0.7000"
"320","50","0.8856","0.4173"
"","","",""
"320","50","0.0332","0.4565"
"320","50","0.5297","0.5700"
"","","",""
"320","50","0.6306","0.2391"
"320","50","0.9938","0.4929"
"320","50","0.5648","0.5803"
"","","",""
"","","",""
"320","50","0.4051","0.7835"
"320","50","0.3554","0.9713"
"","","",""
"320","50","0.5157","0.5632"
"320","51","0.2813","0.7059"
"320","50","0.9364","0.3331"
"320","50","0.3031","0.0200"
"320","50","0.4571","0.4628"
"","","",""
"320","50","0.7906","0.8400"
"320","50","0.8927","0.4394"
"320","50","0.9500","0.4000"
"320","50","0.7562","0.0800"
"320","50","0.2805","0.7927"
"320","51","0.4125","0.8824"
"320","50","0.3896","0.3733"
"","","",""
"320","50","0.8375","0.5600"
"","","",""
"320","51","0.6344","0.5490"
"","","",""
"320","50","0.9406","0.4400"
"320","50","0.9945","0.3216"
"320","50","0.1875","0.3000"
"","","",""
"320","51","0.6817","0.1698"
"320","50","0.3447","0.9908"
"320","50","0.3416","0.0715"
"320","50","0.4875","0.2600"
"320","50","0.9250","0.3600"
"320","50","0.5025","0.7495"
"320","50","0.5245","0.3803"
"","","",""
"","","",""
"320","50","0.0292","0.0521"
"320","50","0.4156","0.1400"
"320","50","0.9907","0.6703"
"320","50","0.1875","0.0000"
"320","50","0.5792","0.6133"
"320","50","0.5313","0.1600"
"320","50","0.4150","0.4911"
"","","",""
"320","50","0.4313","0.4400"
"","","",""
"","","",""
"320","50","0.6844","0.9600"
"320","50","0.6197","0.8403"
"","","",""
"320","50","0.0280","0.3413"
"320","50","0.1933","0.9734"
"","","",""
"","","",""
"","","",""
"320","50","0.5039","0.2106"
"320","50","0.5616","0.0315"
"","","",""
"320","50","0.0948","0.0014"
"320","50","0.5500","0.2800"
"320","50","0.9750","0.1600"
"320","50","0.5925","0.3633"
"320","50","0.5125","0.3200"
"","","",""
"320","50","0.5813","0.9600"
"320","50","0.5750","0.1200"
"320","50","0.3119","0.1098"
"320","50","0.3646","0.2267"
"","","",""
"320","50","0.4375","0.2400"
"","","",""
"","","",""
"320","50","0.4406","0.2000"
"320","50","0.2449","0.4911"
"","","",""
"","","",""
"","","",""
"320","51","0.6125","0.8824"
"320","50","0.9459","0.3241"
"","","",""
"320","50","0.5719","0.3800"
"320","50","0.2703","0.3075"
"320","51","0.9031","0.3529"
"320","51","0.4469","0.9412"
"320","50","0.5379","0.2005"
"320","50","0.1281","0.2000"
"320","50","0.9127","0.0471"
"320","50","0.0328","0.7700"
"","","",""
"320","50","0.4063","0.8600"
"320","50","0.9563","0.4400"
"320","50","0.1146","0.9067"
"320","480","0.6875","0.6292"
"320","50","0.3656","0.6400"
"320","50","0.7270","0.0715"
"320","50","0.9313","0.0800"
"","","",""
"320","50","0.4727","0.6803"
"320","50","0.0311","0.5896"
"320","50","0.8594","0.9200"
"","","",""
"320","50","0.4462","0.4312"
"320","50","0.4281","0.2600"
"320","50","0.6975","0.9487"
"320","50","0.8981","0.5339"
"320","50","0.4823","0.2420"
"320","50","0.2938","0.6200"
"320","50","0.8316","0.9734"
"320","50","0.7625","0.0600"
"320","50","0.3385","0.5111"
"320","50","0.7879","0.8509"
"320","51","0.2531","0.4706"
"320","50","0.8399","0.5872"
"","","",""
"","","",""
"","","",""
"320","50","0.9960","0.6937"
"","","",""
"320","50","0.6823","0.7867"
"320","50","0.5500","0.5800"
"","","",""
"320","50","0.5437","0.8800"
"320","50","0.5687","0.1400"
"","","",""
"320","50","0.4500","0.5800"
"","","",""
"","","",""
"320","50","0.1219","0.2800"
"320","50","0.1448","0.2267"
"320","50","0.3950","0.2009"
"320","50","0.8971","0.4529"
"320","50","0.4063","0.0600"
"320","50","0.5991","0.7272"
"320","50","0.3978","0.0212"
"320","51","0.7000","0.3137"
"","","",""
"320","50","0.4695","0.8631"
"","","",""
"320","50","0.4469","0.5364"
"320","50","0.6240","0.6579"
"","","",""
"","","",""
"320","50","0.2964","0.4911"
"320","50","0.7438","0.3200"
"","","",""
"320","50","0.5697","0.8516"
"320","50","0.3783","0.4283"
"320","50","0.1788","0.1088"
"320","50","0.9482","0.3733"
"320","51","0.6625","0.5882"
"320","50","0.2823","0.1564"
"320","50","0.2188","0.0600"
"","","",""
"320","50","0.7333","0.3997"
"320","50","0.2177","0.9867"
"320","50","0.5273","0.5211"
"","","",""
"320","50","0.6188","0.5800"
"320","50","0.2531","0.6400"
"320","50","0.0456","0.2817"
"320","51","0.9313","0.8627"
"320","51","0.5531","0.0196"
"","","",""
"","","",""
"320","50","0.4587","0.4312"
"320","50","0.5023","0.4704"
"320","50","0.0906","0.2800"
"320","50","0.3094","0.3000"
"","","",""
"","","",""
"320","50","0.9344","0.5000"
"320","50","0.6375","0.3000"
"","","",""
"320","50","0.4511","0.6271"
"","","",""
"320","50","0.5969","0.0800"
"","","",""
"","","",""
"320","50","0.4025","0.1107"
"320","50","0.7625","0.5400"
"320","50","0.8313","0.9400"
"320","50","0.6094","0.7200"
"","","",""
"320","50","0.5615","0.4467"
"320","50","0.2375","0.0800"
"320","51","0.0250","0.1176"
"320","50","0.9313","0.4000"
"320","50","0.7816","0.2430"
"","","",""
"320","50","0.2594","0.5200"
"320","51","0.2221","0.7952"
"320","50","0.9927","0.8867"
"320","51","0.4594","0.3333"
"320","50","0.3769","0.0021"
"320","50","0.5938","0.0800"
"","","",""
"","","",""
"320","50","0.4648","0.1313"
"","","",""
"320","50","0.4040","0.3912"
"320","50","0.9504","0.9187"
"320","50","0.3326","0.5305"
"320","50","0.2292","0.3333"
"320","50","0.8562","0.9600"
"320","50","0.2687","0.1400"
"320","50","0.3146","0.3467"
"320","50","0.5594","0.0800"
"320","50","0.3375","0.6800"
"320","50","0.0839","0.9492"
"320","50","0.7281","0.3200"
"320","50","0.5344","0.7000"
"320","50","0.8500","0.8000"
"","","",""
"320","50","0.5073","0.8801"
"320","50","0.9375","0.6800"
"320","50","0.9407","0.9867"
"","","",""
"320","50","0.4073","0.4267"
"320","50","0.4531","0.3200"
"320","50","0.6094","0.6800"
"320","50","0.8781","0.5200"
"320","51","0.0000","0.0196"
"320","50","0.8926","0.2638"
"320","50","0.5758","0.4572"
"","","",""
"320","50","0.6131","0.5827"
"320","50","0.6625","0.2200"
"","","",""
"","","",""
"","","",""
"320","50","0.8369","0.5430"
"","","",""
"320","50","0.3104","0.2913"
"320","50","0.5491","0.4429"
"320","50","0.9250","0.3800"
"320","50","0.5052","0.9477"
"","","",""
"","","",""
"","","",""
"","","",""
"320","50","0.4719","0.2000"
"","","",""
"","","",""
"","","",""
"320","50","0.4992","0.3313"
"320","50","0.8399","0.1610"
"320","50","0.7750","0.6800"
"320","50","0.0437","0.3000"
"320","50","0.4750","0.9000"
"320","50","0.9750","0.3600"
"320","50","0.1327","0.4706"
"320","50","0.9437","0.2200"
"320","50","0.5500","0.0400"
"320","50","0.5833","0.6667"
"","","",""
"","","",""
"320","50","0.1806","0.1730"
"320","51","0.8281","0.8039"
"320","50","0.7094","0.6600"
"320","50","0.9642","0.4611"
"","","",""
"","","",""
"","","",""
"","","",""
"","","",""
"320","50","0.0480","0.6796"
"320","50","0.9531","0.2000"
"320","50","0.6350","0.6927"
"320","50","0.8960","0.5904"
"320","50","0.5938","0.2800"
"320","51","0.9000","0.6471"
"320","50","0.0281","0.9000"
"","","",""
"320","50","0.4945","0.2513"
"320","50","0.9186","0.4895"
"320","50","0.4562","0.0800"
"","","",""
"","","",""
"320","50","0.1450","0.9500"
"","","",""
"320","51","0.6500","0.1765"
"","","",""
"","","",""
"","","",""
"320","50","0.8854","0.3867"
"","","",""
"","","",""
"320","50","0.1123","0.2413"
"320","50","0.2844","0.4400"
"320","50","0.6125","0.0600"
"320","50","0.3900","0.9301"
"320","50","0.4750","0.5400"
"","","",""
"320","50","0.7063","0.6800"
"320","50","0.8569","0.0133"
"320","50","0.6188","0.2400"
"320","50","0.7000","0.0600"
"320","50","0.5437","0.4000"
"320","50","0.4531","0.4000"
"","","",""
"320","50","0.3156","0.0600"
"","","",""
"320","50","0.7707","0.3435"
"320","50","0.6312","0.0400"
"320","50","0.3525","0.9187"
"320","50","0.3510","0.5211"
"","","",""
"","","",""
